Student ID,Gender,Age,Parent Education Level,Hours Studied Per Week,Sleep Hours Per Night,Extracurricular Activities,Math Score,Science Score,English Score,Overall GPA,Absence Rate
STU0001,Male,15,Doctorate,15.4,6.2,3,55.1,61.6,56.9,1.87,0.248
STU0002,Female,17,Some College,14.6,10.5,0,57.0,46.0,55.5,2.01,0.133
STU0003,Female,16,Master's Degree,??,3.5,,84.5,75.0,85.3,3.24,0.146
STU0004,Male,17,Master's Degree,41.6,10.8,3,96.8,97.6,93.3,3.87,0.128
STU0005,Female,17,Bachelor's Degree,47.4,10.2,3,100,97.2,94.6,3.73,0.03
STU0006,Male,17,High School,19.6,9.3,1,71.8,70.0,74.2,2.87,0.207
STU0007,Male,15,High School,11.6,3.2,0,45.2,29.0,38.7,9,0.22
STU0008,Male,17,Bachelor's Degree,49.8,7.1,3,82.5,84.1,81.7,3.62,0.045
STU0009,Male,18,High School,42.3,9.5,2,77.1,78.1,73.9,2.98,0.184
STU0010,Male,16,Bachelor's Degree,57.6,10.8,3,80.0,75.8,79.5,2.84,0.164
STU0011,Male,14,Bachelor's Degree,12.8,5.1,1,38.5,60.3,35.1,1.74,0.157
STU0012,Female,4,Some College,23.5,11.0,3,77.9,82.2,72.6,3.17,0.248
STU0013,Male,17,Some College,??,11.7,4,90.8,77.7,84.2,3.22,0.105
STU0014,Female,14,High School,14.5,8.2,0,69.0,73.0,75.9,3.0,0.065
STU0015,Male,16,Bachelor's Degree,9.1,6.4,1,65.8,69.5,76.8,2.96,0.23
STU0016,Male,14,Doctorate,23.6,7.3,1,55.7,58.7,55.8,2.18,0.09
STU0017,Male,99,Bachelor's Degree,43.8,10.9,4,85.6,74.7,90.0,3.54,0.154
STU0018,Female,14,Bachelor's Degree,31.9,9.2,4,60.2,78.5,62.7,2.38,0.155
STU0019,Female,18,Bachelor's Degree,45.0,8.4,2,80.1,85.8,90.9,3.35,0.225
STU0020,Male,17,Some College,20.8,3.7,2,41.2,42.4,36.6,1.66,0.197
STU0021,Female,18,Master's Degree,26.9,8.6,1,84.8,79.3,73.8,3.27,0.016
STU0022,Female,15,Some College,15.4,11.7,4,64.4,59.3,63.7,2.31,0.124
STU0023,Female,18,High School,24.7,4.8,1,79.3,76.5,78.0,2.95,0.231
STU0024,Male,18,Doctorate,55.3,7.6,1,77.3,87.6,76.9,3.17,0.179
STU0025,Male,17,High School,27.1,10.3,0,87.1,82.3,86.5,3.47,0.158
STU0026,Female,15,Master's Degree,7.2,8.8,1,41.1,42.0,37.3,1.7,0.052
STU0027,Male,17,Doctorate,36.9,4.9,2,73.9,62.4,71.6,2.81,0.006
STU0028,Female,15,Doctorate,51.4,4.7,4,60.8,68.8,63.7,2.91,0.091
STU0029,Male,16,Doctorate,53.8,11.0,2,81.8,99.5,98.2,4.0,0.158
STU0030,Male,14,Some College,44.9,6.9,2,76.3,80.7,85.7,3.51,0.185
STU0031,Female,14,High School,40.1,4.3,2,74.7,80.3,76.8,2.75,0.134
STU0032,Female,14,High School,29.8,8.6,4,58.8,78.7,69.8,3.07,0.176
STU0033,Male,17,High School,15.6,3.4,3,49.6,71.6,44.1,2.31,0.048
STU0034,Male,14,Doctorate,1.0,7.5,0,55.9,54.2,61.2,9,0.177
STU0035,Male,16,Doctorate,47.9,7.5,4,100,91.7,86.6,3.67,0.075
STU0036,Female,17,Master's Degree,58.3,3.4,0,83.6,83.2,72.5,3.32,0.212
STU0037,Male,17,Bachelor's Degree,9.4,6.5,0,32.2,42.2,43.7,1.56,0.127
STU0038,Male,15,Doctorate,7.8,6.2,3,47.5,48.5,43.7,1.72,0.104
STU0039,Female,15,Doctorate,31.1,6.0,3,64.7,78.4,68.5,2.65,0.236
STU0040,Female,18,Some College,3.6,6.4,0,30.6,38.0,39.1,1.46,0.085
STU0041,Male,17,Bachelor's Degree,59.9,6.5,1,88.6,89.0,97.5,3.43,0.131
STU0042,Male,17,Some College,49.1,5.2,2,79.2,64.7,77.4,3.12,0.181
STU0043,Male,18,Bachelor's Degree,42.3,10.4,0,78.3,77.3,78.2,3.21,0.192
STU0044,Male,15,Doctorate,33.7,6.1,0,71.1,64.5,75.2,2.9,0.162
STU0045,Female,18,Some College,56.0,6.5,2,76.1,94.6,82.1,3.46,0.201
STU0046,Female,18,Doctorate,2.0,6.4,4,34.3,39.1,40.4,1.6,0.158
STU0047,Female,14,Master's Degree,40.4,3.9,1,61.1,80.9,74.9,2.67,0.131
STU0048,Female,14,High School,54.0,7.6,4,72.8,91.8,69.9,3.18,0.085
STU0049,Female,15,Bachelor's Degree,17.8,3.0,3,59.3,67.6,58.2,2.61,0.132
STU0050,Female,16,Master's Degree,34.4,,3,71.3,73.2,62.5,2.61,0.141
STU0051,Female,15,High School,39.3,4.0,4,70.6,91.0,79.0,3.44,0.125
STU0052,Female,18,Some College,40.2,9.6,3,78.1,70.3,86.5,3.19,0.069
STU0053,Male,16,Bachelor's Degree,25.7,3.8,2,58.3,70.5,69.1,2.64,0.038
STU0054,Male,18,Master's Degree,21.9,3.2,3,73.6,63.6,66.7,2.77,0.011
STU0055,Male,17,Some College,46.2,6.3,4,85.0,81.4,92.4,3.13,0.212
STU0056,Male,14,Doctorate,12.7,4.0,3,65.2,61.7,70.8,2.38,0.085
STU0057,Female,16,High School,36.8,11.0,0,85.9,100,84.7,3.45,0.167
STU0058,Female,18,High School,3.2,5.0,4,56.4,66.3,54.3,2.29,0.168
STU0059,Female,18,Doctorate,14.2,9.0,0,58.5,65.9,62.0,2.73,0.076
STU0060,Male,17,Some College,40.5,12.0,4,75.6,80.0,92.8,3.31,0.163
STU0061,Female,14,Doctorate,18.8,9.4,0,57.2,54.0,57.6,2.06,1.8
STU0062,Male,17,Master's Degree,7.8,11.7,1,73.6,64.2,69.5,2.56,0.146
STU0063,Male,16,High School,43.2,7.7,0,71.5,80.1,74.7,2.96,0.105
STU0064,Female,17,High School,40.0,7.0,2,80.9,76.3,85.2,3.32,0.051
STU0065,Female,16,High School,1.8,6.8,2,65.7,56.4,65.1,2.52,0.027
STU0066,Male,15,Doctorate,24.3,10.6,4,74.7,63.1,69.3,2.88,0.207
STU0067,Female,16,Bachelor's Degree,24.4,10.1,4,62.4,53.0,57.0,2.21,0.181
STU0068,Female,14,High School,44.5,4.0,2,88.5,98.3,91.5,3.9,0.102
STU0069,Male,16,High School,56.2,9.2,4,100,91.4,98.9,3.98,0.058
STU0070,Female,17,Some College,10.9,7.5,4,53.7,60.6,52.2,1.96,0.188
STU0071,Male,15,Bachelor's Degree,48.1,6.3,3,72.5,61.7,64.1,2.51,0.158
STU0072,Male,15,Doctorate,30.3,5.0,1,61.4,69.7,60.1,3.01,0.067
STU0073,Male,16,Doctorate,32.7,8.1,4,67.0,71.2,57.2,2.52,0.104
STU0074,Male,14,High School,0.6,6.4,0,43.8,51.1,45.3,,0.049
STU0075,Male,16,Master's Degree,18.9,5.9,3,44.3,46.5,42.3,1.66,0.078
STU0076,Female,18,Some College,37.2,10.1,3,77.9,93.7,66.8,3.15,0.229
STU0077,Female,15,Some College,58.6,9.4,3,94.9,89.4,92.7,3.38,0.029
STU0078,Female,16,High School,55.0,,2,94.3,78.2,89.2,3.47,0.199
STU0079,Female,18,Master's Degree,50.2,5.8,0,82.5,83.7,89.1,3.28,0.215
STU0080,Male,17,Some College,3.9,11.3,3,71.1,63.3,76.5,2.65,0.144
STU0081,Female,17,Master's Degree,57.9,6.3,3,97.1,99.0,97.0,3.8,0.156
STU0082,Male,17,Bachelor's Degree,27.9,3.6,3,67.8,57.8,61.3,2.4,0.042
STU0083,Male,4,Some College,9.6,9.4,2,53.7,63.2,61.8,2.56,0.029
STU0084,Male,18,Master's Degree,26.1,6.5,0,57.7,69.3,74.6,2.6,0.238
STU0085,Female,15,High School,11.9,10.4,0,65.8,63.8,61.7,2.87,0.003
STU0086,Male,15,Some College,8.1,4.7,3,46.5,47.8,47.2,1.79,0.078
STU0087,Female,18,Bachelor's Degree,29.3,4.0,3,57.4,51.4,47.0,1.98,0.106
STU0088,Female,15,High School,58.9,11.0,1,84.8,84.1,88.3,3.42,0.154
STU0089,Male,14,Doctorate,0.4,8.9,4,60.9,55.7,67.5,2.04,0.052
STU0090,Female,16,Bachelor's Degree,22.5,5.1,4,50.4,55.5,57.3,2.18,0.031
STU0091,Female,3,Master's Degree,0.9,9.1,1,38.2,36.4,44.2,1.52,0.233
STU0092,Female,14,Some College,3.2,11.6,4,46.3,44.1,49.6,1.65,0.131
STU0093,Female,14,High School,57.7,11.9,0,87.4,89.5,90.4,3.99,0.172
STU0094,Female,15,Bachelor's Degree,53.1,6.5,1,76.0,79.2,76.7,2.85,0.168
STU0095,Male,16,Bachelor's Degree,,7.0,4,30.1,30.2,21.5,1.16,0.199
STU0096,Male,17,Some College,25.9,8.4,4,69.9,65.2,73.9,2.7,0.082
STU0097,Male,16,Master's Degree,22.2,7.9,2,58.9,69.8,59.2,2.28,0.046
STU0098,Male,99,Bachelor's Degree,37.9,5.1,1,75.2,69.2,74.4,2.89,0.16
STU0099,Male,14,High School,2.1,8.0,4,53.2,53.4,55.7,2.17,0.012
STU0100,Male,16,High School,51.2,9.6,3,,87.6,85.5,3.22,0.028
STU0101,Male,15,Doctorate,22.8,3.0,2,70.1,62.9,58.3,2.74,0.088
STU0102,Female,17,Some College,28.9,5.3,3,77.6,77.0,70.0,2.72,0.199
STU0103,Male,18,Bachelor's Degree,22.0,11.6,2,77.4,67.4,53.3,2.93,0.248
STU0104,Male,15,Bachelor's Degree,56.4,8.7,2,77.8,59.5,81.1,2.88,0.229
STU0105,Female,16,High School,6.1,4.2,4,43.9,45.4,52.8,2.07,0.093
STU0106,Female,16,Bachelor's Degree,25.4,8.8,0,67.1,68.5,62.3,2.5,0.172
STU0107,Female,18,Master's Degree,32.4,6.2,3,68.4,66.0,72.0,2.69,0.224
STU0108,Female,14,Master's Degree,21.0,10.1,2,59.6,58.0,62.2,2.13,0.115
STU0109,Male,14,Doctorate,6.7,4.6,1,59.7,55.5,49.4,2.74,0.142
STU0110,Female,16,Bachelor's Degree,49.9,7.0,2,77.2,73.9,75.8,3.04,0.225
STU0111,Male,15,Doctorate,35.4,4.4,0,78.2,80.7,84.2,3.28,0.207
STU0112,Female,15,Master's Degree,25.8,8.4,1,62.6,68.1,66.7,2.59,0.047
STU0113,Male,17,Bachelor's Degree,16.5,6.9,2,59.5,61.0,53.0,2.53,0.08
STU0114,Female,14,Doctorate,56.6,9.0,4,86.2,94.7,80.6,3.61,0.08
STU0115,Female,17,Some College,17.3,3.8,4,52.9,39.2,47.7,1.82,0.194
STU0116,Male,18,Bachelor's Degree,14.1,10.4,1,64.1,63.2,52.7,2.37,0.131
STU0117,Male,18,High School,27.1,10.9,1,62.8,62.8,70.4,2.74,0.221
STU0118,Male,16,High School,27.1,7.0,4,56.8,52.7,52.1,2.37,0.065
STU0119,Male,15,Bachelor's Degree,2.4,5.2,3,59.7,59.4,49.0,2.05,0.205
STU0120,Female,17,Master's Degree,57.0,4.6,3,82.5,69.7,81.8,3.18,0.098
STU0121,Female,18,Doctorate,57.7,4.1,4,81.6,68.0,74.7,2.75,0.116
STU0122,Female,15,High School,27.7,9.0,1,67.5,55.0,61.2,2.58,0.011
STU0123,Female,16,High School,17.7,5.5,0,48.1,38.8,53.2,2.27,0.064
STU0124,Male,18,High School,39.1,10.2,0,90.4,86.5,91.4,3.67,0.184
STU0125,Male,18,High School,33.8,9.7,,75.0,74.9,90.1,3.22,0.019
STU0126,Female,7,High School,15.5,8.0,3,79.3,73.7,66.2,2.65,0.176
STU0127,Male,18,Master's Degree,39.7,3.5,4,63.9,57.3,56.9,1.91,0.185
STU0128,Female,16,Bachelor's Degree,44.3,5.6,4,81.2,89.9,75.9,3.13,0.047
STU0129,Male,16,Master's Degree,20.8,5.9,4,57.9,57.6,56.4,2.22,0.013
STU0130,Male,18,Master's Degree,12.7,9.3,0,65.1,59.2,67.5,2.69,0.041
STU0131,Male,15,Master's Degree,0.5,9.9,0,36.0,38.7,32.2,1.65,0.023
STU0132,Male,17,Some College,18.9,5.8,0,48.5,46.4,48.4,1.79,0.017
STU0133,Female,,Some College,23.8,8.3,4,65.3,58.7,80.8,2.69,0.01
STU0134,Female,17,Doctorate,4.2,6.3,2,38.3,40.9,36.6,1.4,0.18
STU0135,Male,14,Master's Degree,25.2,11.9,3,91.3,80.8,66.5,3.28,0.047
STU0136,Female,14,Some College,29.3,11.3,1,62.6,70.1,69.6,2.82,0.036
STU0137,Male,16,Doctorate,13.2,5.9,3,62.5,56.0,55.2,2.52,0.217
STU0138,Male,17,Master's Degree,1.3,11.9,4,68.2,51.2,59.8,2.44,0.015
STU0139,Female,15,High School,1.3,3.3,4,64.7,59.5,61.5,2.48,0.082
STU0140,Female,15,Bachelor's Degree,19.0,9.4,3,66.9,61.3,63.9,2.73,0.115
STU0141,Female,16,Master's Degree,20.7,7.1,3,64.7,65.5,78.8,2.93,0.061
STU0142,Female,15,Doctorate,8.9,9.7,4,60.9,48.1,57.2,2.39,0.132
STU0143,Male,17,Doctorate,7.8,10.2,2,62.5,59.6,67.3,2.2,0.077
STU0144,Female,15,Doctorate,45.6,9.7,2,79.6,86.1,85.6,3.45,0.147
STU0145,Male,15,Bachelor's Degree,34.8,12.0,1,81.3,77.8,75.6,3.3,0.08
STU0146,Male,18,High School,40.4,10.6,3,87.3,76.6,73.2,3.05,0.177
STU0147,Male,17,Master's Degree,56.7,8.5,0,89.3,81.9,87.0,3.37,0.036
STU0148,Female,14,Master's Degree,59.0,7.6,3,87.8,86.3,93.6,3.37,0.023
STU0149,Male,14,Master's Degree,12.3,9.2,4,49.8,43.4,45.0,1.8,0.233
STU0150,Male,17,Doctorate,30.8,8.9,0,82.5,84.2,90.5,3.05,0.178
STU0151,Male,16,Bachelor's Degree,2.0,3.6,3,67.3,64.8,70.6,2.95,0.072
STU0152,Male,18,Master's Degree,48.1,8.3,2,86.3,86.9,84.8,3.55,0.241
STU0153,Male,18,Master's Degree,58.4,7.1,1,91.1,79.0,100,3.55,0.011
STU0154,Female,17,Doctorate,55.3,10.6,1,90.6,91.2,85.7,3.5,0.038
STU0155,Male,16,Some College,46.8,10.3,3,100,88.1,95.0,4.0,0.176
STU0156,Female,16,Master's Degree,1.7,6.4,2,54.2,45.4,47.5,1.84,0.147
STU0157,Female,14,High School,23.1,8.0,0,75.3,67.7,57.5,2.75,0.242
STU0158,Female,17,Master's Degree,2.5,5.8,4,50.0,54.9,53.4,2.05,0.142
STU0159,Male,18,Master's Degree,36.7,5.8,2,71.0,81.3,78.3,2.71,0.028
STU0160,Female,18,Bachelor's Degree,26.4,3.6,1,69.1,70.4,64.2,2.83,0.2
STU0161,,18,Master's Degree,42.9,4.1,4,74.3,69.1,73.2,2.58,0.036
STU0162,Female,18,High School,41.7,4.5,4,81.8,86.0,100,3.6,0.154
STU0163,Male,15,Master's Degree,32.9,11.9,4,77.7,79.5,76.9,3.04,0.22
STU0164,Female,17,Bachelor's Degree,50.5,9.7,0,94.4,100,93.6,4.0,0.082
STU0165,Female,14,High School,49.9,10.1,3,92.5,89.5,100,3.84,0.084
STU0166,Male,14,Some College,148.7,10.0,0,77.1,63.9,70.5,2.92,0.043
STU0167,Female,17,Doctorate,44.5,5.2,1,86.9,76.5,79.2,3.68,0.001
STU0168,Male,15,Some College,46.4,6.1,0,96.8,89.5,100,3.48,0.105
STU0169,Female,18,Doctorate,36.6,3.6,4,51.7,58.5,53.6,2.05,0.065
STU0170,Male,18,Master's Degree,35.7,10.2,1,85.3,97.2,90.2,3.37,0.06
STU0171,Female,14,Some College,14.7,7.9,0,55.6,61.9,59.5,2.45,0.2
STU0172,Female,15,Doctorate,43.2,10.7,1,61.6,71.2,78.6,2.29,0.13
STU0173,Male,14,Doctorate,37.3,5.1,2,59.7,62.7,52.4,2.16,0.233
STU0174,Female,15,Bachelor's Degree,45.1,4.5,0,66.0,73.5,60.0,2.28,0.046
STU0175,Male,17,Some College,16.1,8.1,1,62.2,51.8,63.5,2.25,0.162
STU0176,Male,14,High School,15.2,3.7,1,68.6,70.0,51.9,2.49,0.246
STU0177,Male,15,High School,40.5,10.7,1,84.3,85.4,81.0,3.22,0.152
STU0178,Female,17,Bachelor's Degree,53.0,3.5,4,81.1,73.6,68.3,3.25,0.067
STU0179,,14,Some College,51.0,7.7,1,86.4,65.5,80.6,3.03,0.023
STU0180,Male,16,High School,12.5,5.5,0,60.3,50.5,60.4,2.39,0.243
STU0181,Female,17,Master's Degree,31.5,9.1,0,78.3,79.1,88.5,3.17,0.096
STU0182,Male,18,Master's Degree,31.5,3.6,4,56.0,46.2,60.6,1.96,0.095
STU0183,Male,14,Bachelor's Degree,15.5,3.2,0,59.0,54.3,54.1,2.3,0.25
STU0184,Female,18,Bachelor's Degree,54.3,3.6,0,75.4,73.0,79.6,3.05,0.002
STU0185,Male,15,Bachelor's Degree,11.4,9.4,0,57.4,73.8,71.2,3.15,0.032
STU0186,Male,14,Some College,27.8,4.0,1,76.6,78.0,80.8,3.07,0.033
STU0187,Male,14,Doctorate,59.4,10.7,3,95.5,87.0,85.0,3.38,0.108
STU0188,Female,18,Doctorate,43.1,11.3,2,89.3,93.2,90.3,3.45,0.019
STU0189,Female,16,Master's Degree,8.2,5.9,2,59.7,62.6,56.8,2.34,0.114
STU0190,Male,18,Some College,13.6,6.1,0,44.1,47.7,50.3,2.16,0.103
STU0191,Male,15,Master's Degree,30.9,6.4,3,76.2,76.7,78.8,2.96,0.162
STU0192,Female,15,High School,22.7,4.1,1,66.2,62.2,71.6,2.6,0.157
STU0193,Female,14,Doctorate,58.4,11.1,2,100,100,99.9,4.0,0.061
STU0194,Female,14,Master's Degree,0.7,10.8,1,64.7,49.3,44.7,1.94,0.131
STU0195,Male,16,Bachelor's Degree,10.3,11.9,4,42.0,40.9,32.4,1.65,0.079
STU0196,Female,15,Some College,43.2,7.8,3,82.1,88.2,76.2,3.27,0.003
STU0197,Female,14,High School,17.5,10.9,2,52.4,46.5,52.8,1.92,0.194
STU0198,Male,15,High School,30.7,4.1,0,57.3,57.6,67.5,2.62,0.018
STU0199,Male,16,High School,19.2,9.5,0,49.8,57.5,44.0,1.93,0.104
STU0200,Female,14,High School,56.9,4.6,0,90.3,95.0,93.3,3.52,0.015
STU0201,Female,15,Master's Degree,37.5,5.2,,70.6,63.2,68.3,2.56,0.165
STU0202,Female,18,Doctorate,23.0,7.9,0,59.7,49.4,70.4,2.76,0.178
STU0203,Female,18,Master's Degree,35.1,4.7,4,90.8,82.7,80.3,3.01,0.198
STU0204,Male,14,Some College,18.6,10.3,3,66.5,57.9,78.5,2.43,0.087
STU0205,Female,18,Bachelor's Degree,32.5,6.8,0,79.8,70.5,74.0,3.02,0.059
STU0206,Male,14,Master's Degree,26.5,9.2,2,75.4,62.8,84.0,2.18,0.123
STU0207,Female,16,Master's Degree,18.8,5.0,3,59.6,49.7,66.4,1.98,0.129
STU0208,Male,18,Bachelor's Degree,50.0,,3,85.9,71.4,87.4,3.21,0.18
STU0209,Male,17,High School,59.0,7.5,0,68.7,84.2,91.7,3.41,
STU0210,Male,18,Some College,23.3,9.0,4,59.7,42.7,53.4,2.24,0.06
STU0211,Female,16,Some College,48.7,5.9,2,100,95.5,100,3.98,0.07
STU0212,Male,14,Master's Degree,55.4,7.4,0,99.7,92.1,98.3,3.7,0.178
STU0213,Male,15,Doctorate,35.2,9.7,0,82.4,86.8,75.0,2.93,0.147
STU0214,Female,18,Master's Degree,49.1,5.4,1,74.3,91.7,80.8,3.51,0.066
STU0215,Male,14,Master's Degree,49.7,9.2,0,68.8,81.1,80.5,3.03,0.184
STU0216,Male,14,Master's Degree,79.0,6.7,0,49.1,59.7,47.3,2.31,0.09
STU0217,Female,16,High School,26.6,11.1,4,58.8,62.5,62.6,2.17,0.162
STU0218,Female,14,High School,54.8,11.6,0,81.6,83.7,87.6,3.24,0.144
STU0219,Female,17,Master's Degree,20.3,10.6,4,67.9,70.0,60.2,2.66,0.144
STU0220,Female,18,Bachelor's Degree,33.1,9.7,3,59.0,63.1,68.6,2.51,0.201
STU0221,Male,18,Some College,22.5,3.3,3,52.3,53.3,47.6,1.86,0.185
STU0222,Female,15,Bachelor's Degree,25.3,4.5,1,56.1,59.0,72.7,2.62,2.4
STU0223,Male,17,,19.3,4.4,1,51.7,55.4,53.9,2.26,0.034
STU0224,Male,16,High School,57.2,7.1,2,84.0,79.0,88.5,3.51,0.145
STU0225,Female,17,High School,46.6,10.7,3,90.6,82.8,89.1,3.44,0.053
STU0226,Male,16,Bachelor's Degree,9.2,8.7,0,60.9,61.0,64.3,2.64,0.004
STU0227,Male,15,Doctorate,58.5,9.7,1,100,100,100,3.95,0.202
STU0228,Male,16,High School,58.7,3.0,1,81.9,69.0,82.0,2.85,0.224
STU0229,Female,14,Some College,24.6,8.1,2,64.4,52.7,58.4,2.31,0.054
STU0230,Male,16,Bachelor's Degree,43.9,7.6,4,--,99.4,100,3.83,0.023
STU0231,Male,18,High School,30.9,10.5,1,56.4,46.9,56.9,1.89,0.204
STU0232,Female,14,High School,5.8,11.8,2,46.2,56.7,61.2,1.97,0.125
STU0233,Female,16,High School,53.1,5.1,4,99.9,100,99.2,3.5,0.043
STU0234,Male,15,Doctorate,56.6,4.9,1,76.2,77.7,68.7,2.95,0.228
STU0235,Male,16,Doctorate,30.4,7.7,1,64.2,59.5,65.1,3.0,0.167
STU0236,,18,High School,16.3,9.7,4,57.2,55.7,64.5,2.32,0.021
STU0237,Female,18,Master's Degree,16.5,4.0,2,67.8,75.6,74.0,2.94,0.104
STU0238,Male,14,Some College,41.7,8.7,0,85.9,71.8,84.8,2.98,0.214
STU0239,Female,15,Doctorate,28.9,7.3,4,81.2,71.2,78.6,3.32,0.076
STU0240,Female,16,Bachelor's Degree,31.7,5.8,0,57.8,44.7,50.3,2.22,0.213
STU0241,Female,15,High School,19.5,11.1,0,68.2,68.9,63.3,2.79,0.018
STU0242,Female,14,,11.5,3.9,0,53.3,50.7,56.5,2.32,0.037
STU0243,Male,18,High School,5.1,8.6,1,70.7,69.7,68.4,2.9,0.174
STU0244,Male,16,Some College,17.8,5.0,2,65.8,81.5,81.7,3.01,0.234
STU0245,Female,15,Doctorate,22.0,11.0,3,N/A,62.3,66.1,2.34,0.031
STU0246,Female,16,Master's Degree,6.2,6.9,2,54.2,56.7,60.3,2.38,0.016
STU0247,Female,14,Bachelor's Degree,57.0,9.8,0,82.5,81.3,76.0,3.41,0.182
STU0248,Male,17,Master's Degree,28.9,11.2,2,73.2,57.9,66.7,2.29,0.113
STU0249,Female,18,Some College,30.1,7.1,0,70.4,54.1,60.4,2.2,2.4
STU0250,Female,17,High School,43.5,9.5,3,85.6,69.9,77.4,2.92,0.033
STU0251,Female,14,High School,27.1,5.4,2,60.1,54.1,54.7,2.32,0.002
STU0252,Male,14,Bachelor's Degree,3.3,8.9,1,60.8,64.9,66.1,2.74,0.115
STU0253,Male,14,Doctorate,3.2,9.2,2,40.5,58.8,56.8,2.01,0.226
STU0254,Male,15,High School,10.2,11.6,4,74.8,74.8,81.2,3.42,0.063
STU0255,Female,14,High School,49.0,9.3,4,89.7,84.5,100,3.79,0.192
STU0256,Male,16,Doctorate,35.1,9.3,3,92.8,82.9,90.5,3.71,0.145
STU0257,Female,15,High School,12.0,9.2,1,67.2,74.9,79.0,3.27,0.0
STU0258,Female,15,Some College,36.2,6.5,2,64.2,66.0,72.8,2.38,0.207
STU0259,Male,15,Doctorate,20.8,9.9,2,78.1,67.4,78.1,2.69,0.171
STU0260,Female,14,Doctorate,18.8,7.4,1,70.9,73.0,61.7,2.71,0.098
STU0261,Female,15,Doctorate,56.1,7.4,1,98.0,97.5,100,3.98,0.189
STU0262,Male,17,Master's Degree,14.8,6.7,3,71.8,71.4,70.0,3.21,0.053
STU0263,Female,16,High School,17.0,10.4,2,N/A,51.6,52.9,2.05,0.026
STU0264,Female,17,Some College,20.0,3.4,1,56.7,60.6,56.4,2.53,0.061
STU0265,Female,16,Bachelor's Degree,58.9,4.1,2,99.6,100,89.7,3.78,0.018
STU0266,Male,15,Master's Degree,1.4,4.5,4,20.8,38.1,29.2,1.46,0.008
STU0267,Female,16,Bachelor's Degree,38.4,6.9,2,82.2,95.2,83.5,3.57,0.144
STU0268,Male,15,High School,52.4,5.7,4,79.5,82.6,75.4,3.33,0.063
STU0269,Female,16,Master's Degree,46.4,5.2,2,79.1,71.1,82.3,3.04,0.084
STU0270,Male,17,High School,34.4,10.6,0,64.5,76.5,73.3,2.8,0.09
STU0271,Female,3,Master's Degree,59.4,6.6,0,69.1,90.8,69.5,3.09,0.116
STU0272,Male,17,Doctorate,57.2,10.0,0,90.4,89.7,93.1,3.48,0.098
STU0273,Female,15,Master's Degree,16.0,9.8,1,55.9,46.3,56.7,2.1,0.215
STU0274,Female,14,High School,33.7,3.7,3,62.8,69.2,76.5,2.53,0.182
STU0275,Male,17,Master's Degree,14.3,10.7,3,64.8,65.9,69.6,2.63,0.152
STU0276,Female,16,Master's Degree,53.6,6.6,1,79.4,74.2,84.2,3.11,0.218
STU0277,Female,17,Master's Degree,19.6,10.9,3,68.8,70.7,70.5,2.79,0.167
STU0278,Male,16,High School,37.5,7.5,3,62.5,61.3,66.5,2.74,0.222
STU0279,Female,15,Doctorate,44.6,10.4,3,76.2,68.6,75.5,3.02,0.217
STU0280,Male,14,High School,49.2,5.9,0,94.0,79.9,91.8,3.58,0.026
STU0281,Male,15,Master's Degree,50.5,6.3,2,81.6,91.5,88.6,3.42,0.185
STU0282,Male,16,Master's Degree,22.6,6.8,2,64.6,78.8,65.0,2.68,0.044
STU0283,Female,18,High School,2.6,9.7,2,55.4,56.0,,2.04,0.083
STU0284,Female,17,Some College,36.8,4.2,1,64.5,70.1,58.8,2.66,0.032
STU0285,Male,17,Doctorate,14.9,11.3,2,82.0,74.8,74.6,3.23,0.206
STU0286,Male,14,Bachelor's Degree,51.2,7.0,3,100,100,100,4.0,0.234
STU0287,Male,17,High School,12.3,8.0,0,62.5,48.6,62.5,2.49,0.015
STU0288,Male,18,Master's Degree,52.1,6.0,1,74.1,74.9,87.2,3.03,0.139
STU0289,Female,15,Bachelor's Degree,20.8,7.3,3,52.9,57.9,46.4,1.96,0.176
STU0290,Male,99,Bachelor's Degree,43.5,9.7,0,91.3,85.7,82.0,3.23,0.244
STU0291,Male,15,Doctorate,25.9,3.7,1,63.6,73.0,60.4,2.6,0.044
STU0292,Female,14,Doctorate,3.4,11.9,3,57.0,59.3,64.2,2.37,0.099
STU0293,Female,14,Bachelor's Degree,9.5,3.4,0,61.9,54.0,49.5,2.36,0.08
STU0294,Male,17,Doctorate,23.6,12.0,3,67.3,64.0,62.7,2.74,0.185
STU0295,Female,14,Master's Degree,9.8,11.3,4,50.7,43.6,41.6,1.78,0.008
STU0296,Female,16,Bachelor's Degree,44.4,7.3,0,88.3,79.9,80.6,3.25,0.092
STU0297,Female,17,High School,17.1,9.2,1,48.0,45.6,50.1,2.09,0.05
STU0298,Male,17,High School,45.3,9.1,1,100,100,100,3.85,0.204
STU0299,Female,14,High School,46.0,5.2,2,70.7,68.5,78.8,2.73,0.152
STU0300,Male,15,Master's Degree,49.8,8.6,3,90.9,100,94.7,4.0,0.015
STU0301,Female,15,High School,37.1,4.1,1,58.7,57.1,62.6,2.41,0.086
STU0302,Female,15,Bachelor's Degree,32.6,7.6,1,85.9,81.8,76.7,3.04,0.157
STU0303,Male,16,Some College,47.8,8.2,3,89.8,80.3,90.6,3.48,0.214
STU0304,Female,14,Some College,32.0,5.1,1,74.4,80.8,63.0,2.99,0.127
STU0305,Female,17,Some College,53.2,10.7,3,84.3,88.7,88.8,3.48,0.178
STU0306,Male,17,Master's Degree,7.1,4.0,0,33.0,38.9,47.0,1.74,0.077
STU0307,Female,14,Master's Degree,30.8,8.0,4,61.6,60.8,48.5,2.14,0.229
STU0308,Female,14,Bachelor's Degree,28.9,10.9,4,74.0,77.3,68.6,2.81,0.01
STU0309,Female,17,Some College,53.0,7.6,2,88.4,83.6,84.8,3.33,0.166
STU0310,Male,17,Master's Degree,14.7,5.1,3,53.2,56.1,60.3,2.03,0.246
STU0311,Female,14,Master's Degree,17.0,8.3,1,60.3,79.6,66.1,2.8,0.121
STU0312,Male,14,Master's Degree,58.2,5.1,4,95.8,90.4,95.7,3.88,0.151
STU0313,Female,15,Some College,44.8,3.1,0,73.1,70.4,78.5,3.04,0.115
STU0314,Female,18,High School,38.8,5.1,3,72.0,76.4,87.8,3.05,0.207
STU0315,Male,15,Master's Degree,17.6,6.8,0,63.7,61.6,55.2,2.46,0.051
STU0316,Female,16,High School,19.0,5.3,4,50.0,50.5,50.1,2.2,0.158
STU0317,Female,17,High School,52.2,5.3,2,91.8,86.1,77.7,2.99,0.141
STU0318,Male,16,High School,39.7,3.4,0,56.7,70.8,65.9,2.6,0.063
STU0319,Female,16,High School,13.0,4.7,2,36.5,32.5,,1.48,0.237
STU0320,Female,17,Doctorate,44.0,7.2,4,62.2,56.5,55.9,2.19,0.119
STU0321,Male,16,Bachelor's Degree,37.6,5.4,2,68.4,71.9,51.8,2.64,0.027
STU0322,,18,Some College,20.0,9.0,1,56.1,65.0,65.9,2.95,0.114
STU0323,Female,14,,8.4,9.0,1,57.4,56.9,61.1,2.33,0.027
STU0324,Male,16,High School,17.9,3.6,2,68.0,71.6,68.3,2.87,0.236
STU0325,Female,16,High School,15.1,5.6,1,70.5,76.5,65.7,2.82,0.056
STU0326,Female,14,Doctorate,13.4,10.8,4,47.0,36.0,53.3,1.96,0.208
STU0327,Female,17,Bachelor's Degree,34.6,9.3,4,65.3,65.0,80.9,2.93,0.223
STU0328,Male,15,Doctorate,6.9,7.3,1,39.8,30.8,36.6,1.43,0.239
STU0329,Female,14,Bachelor's Degree,25.6,8.3,2,60.8,75.0,60.4,2.5,0.024
STU0330,Female,16,Some College,31.3,8.3,4,78.7,77.5,75.3,2.6,0.021
STU0331,Female,16,High School,7.0,3.4,0,61.0,67.7,66.6,2.5,-0.3
STU0332,Female,18,High School,12.4,3.1,4,56.5,69.9,62.6,2.42,0.156
STU0333,Male,15,Master's Degree,37.7,10.8,,81.6,93.2,87.1,3.56,0.106
STU0334,Female,14,Doctorate,2.7,6.5,3,57.1,44.3,65.7,2.1,0.138
STU0335,Female,17,Doctorate,50.2,5.9,1,87.4,80.8,84.4,3.37,0.236
STU0336,Male,18,Doctorate,10.5,10.4,0,--,59.8,51.5,2.54,0.227
STU0337,Female,18,High School,50.0,9.1,2,77.3,83.0,81.7,3.4,
STU0338,Male,17,High School,56.5,11.6,2,96.9,90.2,84.5,3.54,0.116
STU0339,Female,18,Some College,14.4,5.4,1,49.4,57.3,53.2,2.57,0.248
STU0340,Male,18,Bachelor's Degree,58.2,4.0,2,85.2,73.5,81.1,3.52,0.215
STU0341,Male,17,Master's Degree,13.8,8.5,4,57.7,49.3,53.2,2.25,0.197
STU0342,Female,16,Doctorate,8.9,10.7,2,34.9,65.2,56.2,1.99,0.227
STU0343,Male,14,Some College,1.6,7.6,3,46.6,41.7,55.1,1.65,0.203
STU0344,Male,14,Some College,10.6,8.7,4,60.7,58.9,60.4,2.5,0.071
STU0345,Male,16,Doctorate,51.7,9.6,4,66.4,58.1,69.6,2.54,0.005
STU0346,Female,18,Doctorate,18.0,5.9,3,67.3,67.1,69.3,2.46,0.002
STU0347,Female,15,Bachelor's Degree,14.2,4.4,3,45.4,52.0,40.5,1.37,0.074
STU0348,Male,17,Bachelor's Degree,8.1,11.1,3,68.3,55.6,61.6,2.84,0.042
STU0349,Male,18,High School,36.2,6.5,0,69.1,69.8,61.9,3.07,0.224
STU0350,Male,14,High School,22.1,10.5,4,68.9,66.9,72.3,2.58,0.184
STU0351,Male,14,Master's Degree,5.3,6.9,4,63.2,69.5,58.7,2.48,0.152
STU0352,Male,17,Master's Degree,28.2,4.4,2,38.0,58.4,49.7,1.73,0.201
STU0353,Female,14,Some College,35.5,11.0,1,81.9,77.8,83.8,3.45,0.086
STU0354,Male,15,High School,29.9,3.1,4,59.8,52.3,61.7,2.55,0.063
STU0355,Female,15,Master's Degree,4.1,11.1,3,70.6,59.8,55.4,2.43,0.02
STU0356,Male,16,Some College,29.4,10.2,4,80.9,72.6,83.2,3.12,0.149
STU0357,Female,17,Doctorate,0.0,7.6,4,42.9,48.0,39.8,1.85,0.028
STU0358,Male,16,High School,51.2,4.6,2,89.9,83.0,100,3.87,0.018
STU0359,Male,18,Doctorate,3.9,7.7,3,61.9,57.5,72.3,9.5,0.163
STU0360,Male,14,Doctorate,19.7,6.4,0,56.9,63.4,58.5,2.55,0.163
STU0361,Female,15,Doctorate,48.5,9.0,0,90.0,96.3,100,3.85,0.129
STU0362,Male,17,Some College,53.8,10.4,1,94.1,80.1,92.7,4.0,0.067
STU0363,Female,14,Master's Degree,30.6,10.1,0,73.0,70.9,71.0,3.52,0.136
STU0364,Male,16,Master's Degree,1.8,9.2,0,63.1,62.8,65.4,2.71,0.123
STU0365,Female,18,High School,36.7,7.7,0,81.1,89.7,87.3,3.25,0.016
STU0366,Male,14,Master's Degree,11.9,9.0,3,55.6,35.7,56.6,2.33,0.072
STU0367,Male,17,Doctorate,52.6,8.2,3,88.1,87.3,90.4,2.91,0.189
STU0368,Female,16,Some College,22.4,3.9,1,64.8,66.3,64.6,2.72,0.024
STU0369,Male,18,High School,9.4,6.2,2,63.8,52.7,52.5,2.05,0.18
STU0370,Male,15,Doctorate,23.8,9.4,4,54.8,52.4,56.5,2.29,0.032
STU0371,Female,18,Some College,53.8,3.4,3,93.3,77.2,73.8,3.28,0.132
STU0372,Male,14,Some College,16.9,10.2,4,59.6,68.1,58.7,2.25,0.159
STU0373,Male,17,Master's Degree,1.6,10.6,0,62.5,65.1,56.4,2.55,0.211
STU0374,Male,15,High School,21.5,11.7,2,72.9,51.6,72.8,2.55,0.107
STU0375,Female,14,Some College,11.8,10.5,2,67.1,61.0,78.6,2.81,0.24
STU0376,Female,14,High School,17.0,11.0,1,69.1,51.4,64.5,2.34,0.014
STU0377,Male,18,Master's Degree,30.9,5.2,2,63.5,62.3,56.0,2.07,0.084
STU0378,Male,15,Some College,103.7,3.1,0,53.1,43.1,48.9,1.78,0.183
STU0379,Female,18,Master's Degree,39.6,7.9,0,75.1,81.1,61.7,3.2,0.24
STU0380,Female,14,Some College,31.2,5.6,0,89.9,84.8,81.6,3.49,0.156
STU0381,Female,15,Bachelor's Degree,31.0,3.3,3,66.6,73.2,51.8,2.7,0.068
STU0382,Male,15,Some College,14.1,3.6,2,26.3,25.0,23.3,1.17,0.097
STU0383,Female,16,Some College,20.9,9.8,3,52.8,67.9,65.5,,0.144
STU0384,Male,16,Master's Degree,28.3,,3,46.7,47.7,51.8,2.11,0.217
STU0385,Male,18,Doctorate,46.0,4.4,3,91.0,87.2,87.4,3.64,0.052
STU0386,Female,18,Bachelor's Degree,1.1,5.5,2,31.4,47.1,47.4,1.9,0.082
STU0387,Female,16,Master's Degree,51.3,10.3,0,71.6,81.2,85.1,2.82,0.176
STU0388,Female,18,Master's Degree,45.1,11.7,4,83.2,88.6,85.8,3.27,0.048
STU0389,Female,18,Doctorate,39.1,4.1,3,63.5,66.4,64.8,2.54,0.227
STU0390,Male,14,Doctorate,10.8,11.0,3,77.0,75.8,75.6,3.14,0.219
STU0391,Female,17,Master's Degree,42.1,7.4,2,87.8,90.0,97.4,3.66,0.035
STU0392,Female,14,Doctorate,59.3,4.0,2,93.5,100,96.3,3.69,0.029
STU0393,Female,18,Doctorate,33.7,8.5,2,79.1,97.4,81.0,3.64,0.183
STU0394,Male,15,Some College,49.8,9.6,1,85.9,86.0,91.5,3.4,0.114
STU0395,Female,17,Some College,16.9,7.3,4,57.9,66.1,57.4,2.29,0.058
STU0396,Male,16,High School,11.2,9.9,1,65.2,54.9,61.7,2.12,0.23
STU0397,Female,16,Some College,41.9,10.9,3,78.5,71.3,74.5,2.92,0.054
STU0398,Female,18,High School,49.7,6.6,1,81.8,77.9,67.5,3.13,0.169
STU0399,Female,17,Bachelor's Degree,1.4,8.4,0,59.7,54.1,70.4,2.5,0.034
STU0400,Female,15,Some College,49.8,5.7,2,77.3,84.7,72.9,3.36,0.029
STU0401,Male,17,Bachelor's Degree,20.9,11.6,0,77.7,85.1,80.7,3.47,0.218
STU0402,Male,14,Some College,46.6,3.3,1,77.2,86.7,83.3,3.49,0.037
STU0403,Female,17,Bachelor's Degree,40.5,7.9,0,63.8,64.1,71.0,2.49,0.227
STU0404,Female,16,Master's Degree,49.1,3.4,0,66.1,64.1,66.6,2.58,0.001
STU0405,Male,15,Doctorate,54.8,7.4,2,73.0,68.3,71.5,3.15,0.017
STU0406,Female,18,High School,16.5,6.1,4,52.3,52.5,64.0,2.2,0.087
STU0407,Male,15,Doctorate,19.9,8.4,2,61.3,58.0,56.4,2.48,0.156
STU0408,Female,14,High School,30.1,12.0,1,68.2,67.3,66.8,2.97,0.056
STU0409,Female,15,Doctorate,2.7,3.1,2,45.5,52.6,32.1,2.13,0.191
STU0410,Female,17,Bachelor's Degree,24.9,9.5,2,76.9,78.2,82.1,2.95,0.027
STU0411,Female,16,High School,57.7,10.0,0,93.2,100,94.6,3.76,0.178
STU0412,Male,16,Bachelor's Degree,6.3,11.8,4,57.2,58.6,63.1,2.82,0.081
STU0413,Female,17,Master's Degree,19.8,7.6,3,76.5,75.8,78.1,3.0,0.142
STU0414,Female,17,Master's Degree,15.9,3.7,2,51.7,51.3,57.4,2.02,0.23
STU0415,Female,16,Master's Degree,22.5,11.0,4,64.3,67.0,70.2,2.62,0.027
STU0416,Male,18,High School,48.1,5.6,4,80.4,76.8,78.9,3.09,0.055
STU0417,Male,16,Master's Degree,19.2,4.5,4,56.5,51.5,56.7,2.05,0.104
STU0418,Female,16,Some College,4.2,6.7,4,61.5,54.5,55.3,2.57,0.15
STU0419,Female,16,Doctorate,25.7,7.9,4,70.7,,82.6,2.9,0.011
STU0420,Female,15,High School,35.6,10.6,4,82.3,73.4,79.7,2.91,0.12
STU0421,Male,18,Some College,9.6,8.5,0,67.6,65.1,68.9,2.69,0.01
STU0422,Female,17,Some College,50.5,10.0,0,96.1,89.9,100,3.77,0.144
STU0423,Female,14,Some College,0.5,11.9,1,48.0,61.5,44.8,2.35,
STU0424,Male,18,High School,54.7,9.8,0,82.1,77.9,81.2,3.25,0.169
STU0425,Male,18,Master's Degree,13.2,3.7,2,65.1,68.0,62.7,2.48,0.209
STU0426,Female,16,Some College,,4.6,4,59.5,57.6,69.5,2.16,0.139
STU0427,Female,15,Bachelor's Degree,57.0,4.5,4,76.5,79.1,90.4,3.02,0.079
STU0428,Female,16,Bachelor's Degree,9.3,10.4,0,58.7,46.5,60.3,2.16,0.07
STU0429,Male,18,Doctorate,45.5,7.5,1,95.6,93.5,87.8,3.6,0.027
STU0430,Female,14,Doctorate,1.0,10.3,2,58.7,59.7,54.4,2.29,0.041
STU0431,Male,16,Bachelor's Degree,59.6,9.5,0,85.4,91.8,86.8,3.39,0.193
STU0432,Female,18,Master's Degree,5.3,7.5,3,51.3,55.6,49.9,1.84,0.088
STU0433,Male,16,Master's Degree,52.3,10.4,1,81.1,77.9,85.5,3.02,0.165
STU0434,Male,18,Some College,1.6,5.2,3,24.0,34.7,21.8,0.73,0.144
STU0435,Female,18,Bachelor's Degree,16.4,3.3,2,--,54.7,63.3,2.27,0.228
STU0436,Female,15,High School,12.0,6.1,3,47.8,53.1,59.9,2.35,0.126
STU0437,Male,18,High School,14.0,9.6,4,67.9,55.0,66.6,2.93,0.01
STU0438,Female,18,High School,1.0,3.5,4,31.0,20.5,26.3,1.3,0.239
STU0439,Male,18,Master's Degree,59.1,11.2,4,100,100,100,3.71,0.187
STU0440,,14,Master's Degree,1.7,7.8,0,46.5,47.1,52.3,1.77,0.246
STU0441,Female,17,Doctorate,19.6,8.5,2,61.1,61.3,65.9,2.6,0.133
STU0442,Male,16,Master's Degree,28.5,8.5,3,54.0,57.6,57.3,2.33,0.148
STU0443,Female,18,Some College,25.9,10.9,0,85.4,88.2,81.0,3.23,0.067
STU0444,Male,17,Master's Degree,17.1,7.3,1,47.3,52.9,51.5,1.78,0.062
STU0445,Male,16,High School,57.9,8.7,3,83.7,100,90.1,3.67,0.199
STU0446,Female,17,Doctorate,6.5,7.9,1,47.1,42.5,42.9,1.94,0.058
STU0447,Male,14,High School,5.6,7.8,0,49.4,41.1,48.8,1.73,0.21
STU0448,Male,17,Master's Degree,39.6,6.5,2,81.1,68.0,74.3,2.8,0.003
STU0449,Male,17,Bachelor's Degree,33.0,4.6,2,59.0,57.5,55.7,2.34,0.062
STU0450,Male,16,Doctorate,7.0,8.0,4,40.4,50.4,38.3,1.73,0.058
STU0451,Male,18,Some College,,4.7,2,92.7,96.4,93.7,3.61,0.238
STU0452,Male,16,Master's Degree,36.0,6.7,4,74.7,72.9,91.5,3.12,0.098
STU0453,Female,14,High School,16.4,7.2,1,45.3,53.2,41.6,1.81,0.166
STU0454,Female,16,Some College,4.0,6.7,2,44.5,55.1,48.4,1.95,0.201
STU0455,Female,14,Master's Degree,51.6,5.6,3,83.3,76.8,79.7,3.37,0.117
STU0456,Male,16,Master's Degree,9.3,7.2,3,39.6,40.1,48.2,1.87,0.198
STU0457,Female,18,High School,10.5,7.3,2,52.9,63.4,55.9,2.36,0.055
STU0458,Female,16,High School,22.7,10.5,1,75.6,54.9,73.1,2.93,0.012
STU0459,Female,14,Bachelor's Degree,38.3,7.7,2,81.6,71.2,88.1,2.98,0.111
STU0460,Male,15,High School,56.2,6.5,3,82.5,91.7,94.3,3.71,0.149
STU0461,Female,15,Doctorate,21.0,8.1,0,66.0,57.4,58.9,2.23,0.076
STU0462,Female,17,Bachelor's Degree,8.9,11.2,3,45.2,54.1,49.3,1.96,0.146
STU0463,Male,14,Bachelor's Degree,23.9,6.1,0,64.0,59.4,54.5,2.13,0.236
STU0464,Male,16,Bachelor's Degree,58.0,4.3,1,86.0,96.5,89.1,3.69,0.071
STU0465,Male,14,Doctorate,57.5,3.3,0,68.6,77.1,72.6,-1,0.023
STU0466,Female,17,Bachelor's Degree,34.8,9.9,1,63.6,75.7,71.0,2.51,0.148
STU0467,Male,17,Master's Degree,45.5,9.4,4,70.2,82.8,94.8,3.61,0.12
STU0468,Male,17,Bachelor's Degree,36.2,6.7,4,86.7,74.9,92.3,3.56,0.081
STU0469,Female,4,Doctorate,7.9,8.1,0,53.3,44.1,57.8,2.19,0.039
STU0470,Female,18,High School,20.6,9.6,3,66.9,67.0,68.2,2.84,0.239
STU0471,Male,16,Bachelor's Degree,52.9,3.5,1,88.9,90.8,71.9,3.45,0.232
STU0472,Female,18,High School,25.4,5.2,1,69.7,80.5,75.1,9.5,0.035
STU0473,Male,18,Some College,4.5,9.5,1,52.1,56.5,52.7,1.97,0.129
STU0474,Male,17,Some College,34.1,11.2,2,73.6,82.3,83.5,3.17,0.17
STU0475,Female,15,Doctorate,36.1,7.3,3,70.9,69.1,69.3,3.06,0.037
STU0476,Female,16,Doctorate,1.9,4.0,4,60.5,41.3,52.6,2.29,0.178
STU0477,Male,18,Some College,49.0,5.5,2,55.4,62.7,67.8,2.19,0.072
STU0478,Female,15,Some College,32.1,5.4,2,60.4,60.8,58.4,2.64,0.206
STU0479,Female,15,Some College,41.2,6.8,1,73.7,68.9,73.6,3.11,0.127
STU0480,Female,14,Bachelor's Degree,11.6,7.7,1,60.1,54.8,60.3,1.98,0.047
STU0481,Female,17,Master's Degree,38.1,11.9,3,66.1,75.1,63.8,2.49,0.108
STU0482,Male,15,Doctorate,16.3,3.5,1,56.7,50.4,51.3,2.0,0.072
STU0483,Female,17,High School,24.3,5.4,1,63.2,51.4,53.3,2.14,0.03
STU0484,Male,17,Master's Degree,51.3,8.3,0,88.8,86.4,80.9,3.24,0.183
STU0485,Female,15,Bachelor's Degree,10.7,7.9,3,61.7,59.8,63.0,2.4,0.05
STU0486,Female,3,Bachelor's Degree,43.0,4.8,4,68.5,82.9,68.8,2.72,0.21
STU0487,Male,18,Master's Degree,23.0,5.1,3,53.7,54.5,57.6,2.11,0.149
STU0488,Male,18,Doctorate,18.9,8.2,3,67.4,57.5,63.6,2.38,0.078
STU0489,Male,16,Doctorate,51.9,3.9,0,79.2,94.0,88.7,3.27,0.06
STU0490,Female,18,High School,35.0,9.6,0,84.5,81.2,82.2,3.57,0.247
STU0491,Male,16,High School,19.2,11.3,4,60.0,51.9,66.4,2.54,0.082
STU0492,Female,14,Bachelor's Degree,54.6,10.2,2,88.5,93.5,90.7,3.44,0.004
STU0493,Female,15,Bachelor's Degree,45.6,9.8,3,94.6,98.5,96.4,3.93,0.054
STU0494,Male,16,Some College,27.3,5.6,1,69.7,62.8,58.0,2.33,0.249
STU0495,Female,14,Some College,14.1,4.8,3,51.1,47.0,39.1,,0.204
STU0496,Male,18,Some College,39.5,8.9,3,82.8,74.4,84.5,3.34,0.177
STU0497,Female,15,Doctorate,20.2,8.8,3,69.4,76.9,69.0,2.82,0.059
STU0498,Male,14,High School,18.5,11.8,2,71.1,62.7,79.1,3.25,0.142
STU0499,Male,17,Doctorate,49.1,9.5,4,72.4,83.1,72.1,2.95,0.073
STU0500,Female,18,Master's Degree,48.3,11.1,2,90.1,85.4,81.0,3.16,0.196
STU0501,Male,18,Master's Degree,47.5,7.0,4,89.7,70.2,74.8,3.08,0.19
STU0502,Male,16,Some College,53.9,9.9,0,79.0,85.1,78.0,3.31,0.007
STU0503,Male,14,Some College,50.3,4.5,1,69.7,83.9,73.8,2.55,0.158
STU0504,Male,14,Bachelor's Degree,15.5,7.9,4,56.0,35.9,41.9,1.5,0.151
STU0505,Female,16,Master's Degree,6.9,6.8,4,76.0,68.8,77.6,2.87,0.226
STU0506,Female,18,Doctorate,57.2,11.6,4,96.2,81.4,100,3.6,0.107
STU0507,Female,14,Bachelor's Degree,56.8,9.2,3,100,92.3,100,3.88,0.204
STU0508,Male,17,Some College,26.0,4.3,0,56.3,55.3,61.0,2.31,0.197
STU0509,Male,17,High School,45.5,9.7,3,77.0,77.3,78.1,2.99,0.213
STU0510,Male,18,Doctorate,20.9,3.7,2,66.5,58.9,58.1,2.41,0.079
STU0511,Female,16,Bachelor's Degree,1.7,5.4,1,32.3,45.1,43.0,1.43,0.119
STU0512,Female,16,Bachelor's Degree,55.7,8.3,2,100,100,100,4.0,0.242
STU0513,Male,14,Some College,5.5,4.7,4,37.5,39.5,41.4,1.64,0.076
STU0514,Female,18,High School,36.8,9.0,3,76.5,77.5,81.2,2.92,0.026
STU0515,Female,15,Bachelor's Degree,47.9,7.6,3,100,92.4,90.9,4.0,0.016
STU0516,Male,16,Bachelor's Degree,10.7,8.5,3,49.8,74.2,44.3,2.59,0.194
STU0517,Male,15,Bachelor's Degree,52.1,8.2,3,93.5,80.4,83.5,3.35,0.072
STU0518,Male,17,Master's Degree,12.2,3.7,4,54.1,60.1,48.6,2.1,0.036
STU0519,Female,18,Some College,45.2,4.0,3,92.8,85.2,89.5,3.54,0.174
STU0520,Female,14,Master's Degree,32.5,4.1,2,77.1,75.0,64.9,2.68,0.055
STU0521,Female,17,Some College,46.1,6.1,4,91.2,89.6,88.4,3.5,0.249
STU0522,Female,18,Doctorate,0.0,4.2,2,49.3,54.5,44.3,2.12,0.127
STU0523,Female,18,High School,25.3,8.2,0,100,100,98.5,3.98,0.088
STU0524,Female,17,Bachelor's Degree,45.2,10.0,4,100,91.4,90.9,3.59,0.239
STU0525,Male,18,Doctorate,37.8,6.2,4,67.2,62.5,62.7,2.74,0.219
STU0526,Male,15,Doctorate,29.8,9.5,4,57.7,49.7,68.4,2.18,0.176
STU0527,Male,16,Bachelor's Degree,11.6,7.8,4,57.9,52.4,64.1,2.42,0.236
STU0528,Female,15,Some College,41.5,5.1,4,91.2,85.7,85.6,3.31,0.145
STU0529,Male,15,Master's Degree,55.5,5.3,2,100,100,100,4.0,0.138
STU0530,Male,16,High School,10.0,11.9,3,50.8,46.9,63.3,1.64,0.074
STU0531,Male,99,High School,39.3,10.8,1,75.2,77.9,79.1,2.97,0.205
STU0532,Male,17,Master's Degree,7.9,3.8,2,,56.3,55.1,2.14,0.132
STU0533,Male,17,High School,0.6,3.4,0,43.4,45.0,38.6,1.78,0.173
STU0534,Female,16,Doctorate,59.7,12.0,0,95.9,90.6,94.9,3.65,0.172
STU0535,Male,16,Bachelor's Degree,17.9,8.6,3,66.9,78.7,66.6,2.73,0.048
STU0536,Female,17,High School,27.4,7.3,2,62.8,69.9,63.9,2.71,0.175
STU0537,Male,16,Master's Degree,36.0,3.3,3,81.1,77.4,65.1,2.9,0.013
STU0538,Female,14,Doctorate,27.3,8.0,1,59.7,60.1,69.4,2.64,0.049
STU0539,Female,18,Bachelor's Degree,30.3,11.3,2,69.9,60.7,77.1,2.9,0.162
STU0540,Male,15,Doctorate,46.8,11.9,4,82.0,,82.0,2.93,0.156
STU0541,Male,18,Doctorate,57.8,7.4,1,89.8,93.6,92.1,3.6,0.041
STU0542,Female,14,Bachelor's Degree,9.2,7.3,1,77.2,73.8,73.7,3.0,0.069
STU0543,Female,18,Bachelor's Degree,45.4,8.1,2,68.2,78.4,69.8,2.65,0.238
STU0544,Female,18,Master's Degree,35.9,6.3,2,64.9,75.2,73.9,2.89,0.149
STU0545,Male,16,Doctorate,23.8,3.4,4,48.6,58.8,48.6,1.84,0.052
STU0546,Female,14,Doctorate,??,11.4,2,59.2,60.6,74.8,2.6,0.004
STU0547,Male,14,Some College,52.7,9.2,1,80.7,71.4,73.7,3.41,0.095
STU0548,Male,17,Doctorate,8.3,9.6,0,44.9,42.0,41.8,1.78,0.067
STU0549,Male,15,Doctorate,22.3,10.0,3,80.9,70.7,88.9,3.14,0.065
STU0550,Female,14,Master's Degree,52.6,7.4,0,78.5,77.4,78.1,3.13,0.169
STU0551,Female,18,High School,31.7,7.9,1,78.7,76.3,75.3,,0.026
STU0552,Male,17,High School,46.7,9.4,1,75.6,82.0,74.4,3.37,0.105
STU0553,Female,16,Some College,13.6,3.4,0,22.5,21.5,35.7,1.0,0.231
STU0554,Female,15,Some College,56.2,9.9,1,83.6,85.9,91.0,3.35,0.03
STU0555,Male,15,Doctorate,35.2,5.8,0,66.0,78.5,80.8,3.04,0.107
STU0556,Male,18,Bachelor's Degree,27.1,10.4,3,75.8,76.4,76.9,3.06,0.055
STU0557,Female,14,Bachelor's Degree,23.5,4.9,2,47.0,31.9,51.7,1.82,0.019
STU0558,Female,15,Some College,28.6,9.7,3,49.7,51.9,48.4,2.1,0.032
STU0559,Male,18,Master's Degree,0.4,8.3,3,64.5,69.4,65.8,2.7,0.124
STU0560,Male,17,Master's Degree,53.9,7.9,2,83.8,92.7,91.4,3.37,0.057
STU0561,Female,16,,9.2,6.8,2,49.6,52.0,47.1,2.1,0.159
STU0562,Female,18,Doctorate,49.1,12.0,3,79.3,72.7,87.3,3.16,0.082
STU0563,Male,15,Some College,44.1,10.1,4,72.2,66.5,84.9,2.6,0.249
STU0564,Male,15,Bachelor's Degree,53.7,8.6,2,100,100,100,4.0,0.113
STU0565,Male,14,Bachelor's Degree,192.3,6.8,0,37.4,42.0,48.5,1.29,0.087
STU0566,Female,18,Bachelor's Degree,38.1,4.9,0,50.1,63.6,52.9,2.44,0.01
STU0567,Female,16,Bachelor's Degree,20.7,3.9,3,75.2,76.9,78.0,2.62,0.248
STU0568,Male,17,High School,4.0,5.1,4,38.3,40.6,52.3,1.74,0.157
STU0569,Female,14,High School,39.0,7.4,,81.7,87.6,83.6,3.88,0.246
STU0570,Male,18,High School,58.6,3.7,2,69.8,77.3,86.1,3.33,0.185
STU0571,Male,16,Doctorate,49.2,4.6,2,70.4,84.3,78.5,3.1,0.095
STU0572,,18,Doctorate,35.0,3.7,2,77.4,74.7,82.6,2.96,0.163
STU0573,Male,14,High School,44.9,5.7,1,76.0,83.2,79.9,3.54,0.228
STU0574,Female,14,Doctorate,20.2,9.8,0,65.2,71.3,72.5,2.57,0.125
STU0575,Male,14,Some College,30.1,8.6,4,54.7,50.7,53.7,2.25,0.24
STU0576,Male,15,,1.3,3.4,2,35.8,25.3,34.5,1.04,0.06
STU0577,Female,17,Bachelor's Degree,5.4,4.8,2,47.7,51.8,39.4,1.9,0.14
STU0578,Female,17,Some College,53.1,9.5,4,68.8,61.1,58.7,2.45,0.027
STU0579,Male,4,High School,23.7,9.9,3,58.0,58.4,66.1,2.32,0.051
STU0580,Male,18,Master's Degree,40.9,9.0,1,86.5,80.6,79.1,3.27,0.101
STU0581,Female,18,Some College,58.6,9.2,0,97.8,87.5,97.6,3.8,0.039
STU0582,Male,17,Doctorate,20.8,8.7,1,,74.0,72.8,2.83,0.044
STU0583,Female,16,Master's Degree,42.3,,1,77.8,85.7,88.6,3.44,0.085
STU0584,Female,17,Some College,9.4,5.5,1,37.5,43.4,29.5,1.35,0.154
STU0585,Male,17,Some College,50.5,9.9,1,58.6,73.9,66.4,2.8,0.117
STU0586,Male,18,Doctorate,4.9,10.7,3,51.2,45.7,52.1,1.64,0.015
STU0587,Male,99,High School,13.7,3.7,4,51.8,36.8,34.6,1.54,0.247
STU0588,Male,18,Bachelor's Degree,31.0,10.2,0,60.2,59.6,61.4,2.22,0.058
STU0589,Female,14,Doctorate,47.2,8.2,3,93.2,92.2,93.0,3.99,0.164
STU0590,Male,14,Some College,59.5,8.5,0,93.7,100,89.0,3.69,0.226
STU0591,Male,14,Some College,7.1,6.5,3,53.1,50.1,65.4,2.49,0.178
STU0592,Female,14,High School,16.2,6.3,2,52.9,48.1,45.0,2.21,0.078
STU0593,Female,18,Doctorate,37.5,,2,80.8,75.2,80.1,3.38,0.035
STU0594,Female,16,Some College,51.7,3.4,4,86.5,,84.2,3.52,0.198
STU0595,Male,16,Doctorate,7.8,5.8,3,51.9,60.0,50.1,2.16,0.077
STU0596,Male,17,Master's Degree,58.7,9.8,2,91.1,96.4,88.5,3.67,0.182
STU0597,Male,18,Some College,50.7,10.3,2,86.1,86.4,75.9,2.78,0.174
STU0598,Female,17,Master's Degree,35.8,7.8,2,70.5,69.9,70.7,2.66,0.203
STU0599,Female,14,Bachelor's Degree,0.1,5.8,4,59.6,50.2,65.9,2.27,0.098
STU0600,Male,15,High School,7.7,11.4,,62.7,49.6,57.8,2.24,0.154
STU0601,Male,15,Doctorate,30.5,6.4,3,90.1,96.9,76.7,3.67,0.089
STU0602,Male,15,Doctorate,37.0,10.3,1,85.3,90.3,92.2,3.69,0.244
STU0603,Female,17,Bachelor's Degree,40.5,3.8,1,67.3,53.5,62.0,9.5,0.085
STU0604,Female,17,Doctorate,5.3,3.8,2,52.6,45.1,46.1,1.88,0.023
STU0605,Male,17,Some College,36.6,6.2,3,70.1,74.8,77.6,2.93,0.133
STU0606,Female,18,Doctorate,11.2,8.4,4,40.7,34.7,46.3,1.56,0.22
STU0607,Male,16,Bachelor's Degree,42.1,10.4,2,85.6,87.5,83.7,3.23,0.099
STU0608,Male,17,Doctorate,3.6,10.2,4,37.3,32.8,38.1,1.31,0.023
STU0609,Female,18,Master's Degree,26.7,4.9,2,59.5,71.2,53.1,2.54,0.095
STU0610,Male,14,Some College,12.0,9.1,1,82.0,68.8,,3.2,0.161
STU0611,Male,14,Doctorate,51.6,9.2,0,89.0,83.3,94.0,3.56,0.216
STU0612,Male,15,Master's Degree,11.3,4.7,0,47.8,39.6,46.0,1.95,0.058
STU0613,Female,17,Doctorate,18.7,9.2,4,68.7,59.7,60.7,2.36,0.15
STU0614,Male,15,Doctorate,21.3,7.5,4,63.4,66.4,61.2,-1,0.057
STU0615,Female,18,High School,10.2,5.7,4,62.3,55.7,61.4,2.14,0.019
STU0616,Female,18,Bachelor's Degree,57.2,4.8,0,80.7,87.2,86.2,3.52,0.186
STU0617,Male,18,Doctorate,14.7,8.3,1,45.8,59.3,56.5,2.18,0.069
STU0618,Male,15,Master's Degree,40.8,10.2,0,73.7,71.3,72.6,3.04,0.249
STU0619,Female,15,Doctorate,51.0,11.2,4,98.7,95.5,96.4,4.0,0.067
STU0620,Male,14,Master's Degree,4.8,8.7,3,45.5,39.5,49.0,1.52,0.016
STU0621,Female,17,Some College,41.3,8.5,2,86.2,87.6,98.8,3.96,0.017
STU0622,Male,14,Some College,58.0,11.2,3,74.9,84.4,82.1,3.22,0.187
STU0623,Female,18,Some College,51.8,10.5,1,97.2,90.3,99.9,3.54,0.201
STU0624,Male,17,Master's Degree,22.6,6.1,2,55.8,49.1,51.8,2.15,0.181
STU0625,Male,18,Master's Degree,15.4,7.3,4,68.4,70.1,75.1,2.9,0.002
STU0626,Female,16,Bachelor's Degree,15.5,4.5,1,51.3,46.4,52.7,2.06,0.148
STU0627,Female,17,Doctorate,6.4,6.2,0,34.2,45.6,36.4,1.44,0.082
STU0628,Male,18,Doctorate,7.7,4.9,0,unknown,42.2,50.7,1.79,0.24
STU0629,Female,17,Some College,53.2,6.8,4,61.8,67.1,58.6,2.62,0.11
STU0630,Male,16,Some College,1.1,11.1,2,42.5,45.4,44.0,1.92,0.013
STU0631,Male,17,Doctorate,9.7,7.6,0,52.1,48.7,60.7,1.8,0.218
STU0632,Female,14,Bachelor's Degree,1.8,10.5,3,59.2,54.4,63.5,2.61,0.145
STU0633,Male,7,Master's Degree,37.9,8.8,4,68.0,64.1,73.3,2.51,0.064
STU0634,Male,17,Doctorate,5.6,8.1,3,48.1,48.1,51.5,1.78,0.199
STU0635,Female,17,Some College,9.0,5.7,2,61.4,54.4,68.2,2.25,0.146
STU0636,Female,15,Doctorate,54.3,9.3,2,83.2,75.3,74.2,3.56,0.195
STU0637,Female,14,High School,45.1,9.1,3,91.0,87.7,85.8,3.77,0.157
STU0638,Female,16,Doctorate,17.3,5.5,3,52.2,46.3,48.5,1.95,0.242
STU0639,Male,16,Bachelor's Degree,30.4,11.9,1,64.6,71.7,70.5,2.91,0.009
STU0640,Female,18,High School,23.1,4.3,0,48.5,53.4,52.5,1.76,0.228
STU0641,Male,14,High School,38.1,6.1,1,68.5,56.2,62.4,2.5,0.066
STU0642,Female,18,Master's Degree,23.2,11.1,3,67.5,61.3,63.3,2.84,0.104
STU0643,Male,14,Some College,14.0,11.8,0,63.7,72.6,50.6,2.5,0.057
STU0644,Female,14,Doctorate,46.1,5.7,1,64.2,62.0,73.4,2.85,-0.3
STU0645,Male,15,Bachelor's Degree,58.7,10.2,4,86.4,88.5,81.2,3.61,0.001
STU0646,Male,16,Bachelor's Degree,12.1,6.9,4,76.6,69.7,70.1,2.93,0.005
STU0647,Male,14,Doctorate,6.5,3.7,0,45.6,51.9,57.5,2.24,0.101
STU0648,Male,17,Some College,39.2,12.0,4,72.4,81.5,73.5,2.81,0.087
STU0649,Female,18,Master's Degree,44.3,4.5,0,77.0,86.2,88.8,3.31,0.023
STU0650,Male,14,Doctorate,7.7,10.6,1,72.8,77.7,68.8,2.84,0.202
STU0651,Female,7,Doctorate,52.5,5.8,2,79.7,88.5,69.3,3.03,0.225
STU0652,Male,7,High School,2.3,5.2,0,50.3,59.5,47.9,2.47,0.147
STU0653,Female,18,Bachelor's Degree,31.8,7.2,2,84.0,69.9,88.1,3.17,0.227
STU0654,Male,14,Doctorate,31.1,12.0,2,80.6,83.9,73.1,3.29,0.006
STU0655,Female,17,Some College,21.2,10.2,3,58.1,62.4,68.6,2.33,0.064
STU0656,Male,17,High School,58.5,11.2,4,83.1,78.1,76.3,3.21,0.081
STU0657,Male,17,Doctorate,10.6,10.2,1,62.4,66.5,60.6,2.88,0.247
STU0658,Male,4,Master's Degree,6.3,11.5,1,60.8,56.5,55.4,2.55,0.071
STU0659,Female,17,High School,37.6,10.1,0,64.1,67.6,76.8,2.58,0.006
STU0660,Female,18,Bachelor's Degree,17.7,6.5,4,63.9,58.6,69.7,2.34,0.013
STU0661,Female,15,Master's Degree,16.7,11.5,3,71.7,88.7,62.7,3.21,0.231
STU0662,Male,17,Master's Degree,47.4,11.2,2,88.8,92.1,88.5,3.63,0.03
STU0663,Female,18,High School,36.7,3.2,4,tbd,65.3,64.9,2.65,0.148
STU0664,Female,18,Some College,43.0,9.8,0,73.5,77.1,70.0,3.04,0.089
STU0665,Female,17,Bachelor's Degree,8.0,6.3,0,47.0,39.1,41.6,1.53,0.158
STU0666,Female,14,Master's Degree,13.1,9.7,3,45.2,56.5,47.0,1.73,0.157
STU0667,Female,17,Some College,32.2,9.9,3,67.0,60.6,71.2,2.6,0.02
STU0668,Female,,Master's Degree,25.6,10.1,0,63.7,70.8,74.8,2.28,0.002
STU0669,Male,18,Some College,15.2,10.6,0,--,64.0,70.4,2.63,0.246
STU0670,Female,14,Bachelor's Degree,38.2,3.7,4,65.3,79.0,73.1,2.87,0.143
STU0671,Male,15,High School,26.3,11.3,3,76.4,79.4,70.6,2.75,0.008
STU0672,Female,17,Master's Degree,33.7,8.9,3,82.1,88.7,78.5,3.22,0.093
STU0673,Female,14,High School,56.6,11.4,4,75.4,65.4,66.7,2.6,0.111
STU0674,Female,17,Some College,18.8,4.0,2,60.0,56.7,56.8,1.99,0.202
STU0675,Male,17,Doctorate,25.8,7.3,4,56.2,45.0,42.8,1.85,0.077
STU0676,Female,15,Doctorate,4.1,8.5,2,57.2,58.5,63.1,2.42,0.03
STU0677,Female,16,High School,52.8,4.7,4,76.4,82.6,87.9,3.09,0.051
STU0678,Male,16,Some College,25.6,8.7,1,86.7,65.5,86.1,2.84,0.198
STU0679,Female,15,Bachelor's Degree,45.6,7.3,4,93.6,97.3,91.5,3.74,0.035
STU0680,Female,15,Some College,52.0,3.2,4,81.2,83.0,80.9,3.44,0.135
STU0681,Male,15,Doctorate,10.6,6.9,3,69.9,64.7,75.2,3.03,0.229
STU0682,Female,14,Doctorate,12.8,4.6,2,unknown,57.4,42.6,1.67,0.165
STU0683,Female,17,Bachelor's Degree,18.5,3.4,3,73.0,55.7,64.0,2.75,0.224
STU0684,Male,18,Doctorate,2.3,6.0,2,44.8,49.0,53.7,1.89,0.135
STU0685,Male,15,Doctorate,48.3,6.0,0,57.5,66.2,57.0,2.28,0.023
STU0686,Male,4,Some College,34.7,7.2,1,78.3,84.9,82.5,3.56,0.115
STU0687,Female,18,Bachelor's Degree,13.1,7.3,0,48.6,44.4,42.9,1.59,0.152
STU0688,Female,15,Master's Degree,45.2,9.2,4,79.6,75.1,79.2,3.03,0.174
STU0689,Female,17,Some College,20.9,10.7,0,62.8,68.2,69.9,2.65,0.105
STU0690,Male,17,High School,48.1,11.1,0,97.0,93.8,79.7,3.85,0.046
STU0691,Female,15,Master's Degree,17.4,12.0,3,90.6,98.9,96.6,3.7,0.019
STU0692,Female,14,Bachelor's Degree,37.0,9.4,4,70.8,73.3,79.3,3.08,0.208
STU0693,Female,14,Doctorate,5.5,3.0,0,62.7,52.5,49.3,2.38,0.007
STU0694,Male,15,High School,3.4,5.2,0,41.0,36.6,32.5,1.43,0.25
STU0695,Female,18,Bachelor's Degree,27.1,6.2,3,76.0,82.2,76.3,3.02,0.015
STU0696,Male,14,Some College,35.6,3.9,0,61.5,53.7,48.3,1.99,0.017
STU0697,Female,18,Master's Degree,8.2,3.6,2,42.9,31.8,31.1,1.48,0.122
STU0698,Female,15,High School,44.7,6.4,1,75.3,78.9,89.9,3.08,0.239
STU0699,Female,18,Master's Degree,39.3,7.7,4,94.5,89.4,86.4,9,0.186
STU0700,Female,14,Doctorate,37.8,7.2,3,76.5,86.5,72.7,2.83,0.066
STU0701,Male,16,High School,20.6,8.2,0,90.8,77.3,72.6,3.17,0.145
STU0702,Female,17,High School,36.4,4.5,1,65.1,55.7,68.1,2.33,0.01
STU0703,Female,17,Doctorate,33.3,9.5,4,70.8,82.8,85.3,3.1,0.138
STU0704,Male,14,High School,none,3.1,4,64.9,61.5,71.0,2.55,0.096
STU0705,Female,18,Some College,11.4,8.5,3,60.8,42.0,55.1,2.15,0.025
STU0706,Female,14,High School,53.7,6.3,2,89.5,89.3,94.8,3.8,0.02
STU0707,Female,16,Master's Degree,34.1,4.4,4,72.8,71.6,77.7,2.78,0.078
STU0708,Female,14,Bachelor's Degree,18.7,9.4,4,60.3,48.9,51.9,2.24,0.049
STU0709,Male,14,Bachelor's Degree,31.8,11.3,4,63.5,66.8,71.0,2.94,0.053
STU0710,Male,15,Master's Degree,34.3,8.7,3,78.4,87.1,87.1,3.38,0.225
STU0711,Male,18,Some College,9.3,3.5,2,48.5,43.1,40.8,1.7,0.115
STU0712,Female,17,Some College,24.4,7.3,1,--,65.0,54.3,2.63,0.011
STU0713,Female,15,Doctorate,167.0,7.3,4,80.6,68.1,83.2,3.39,0.129
STU0714,Male,18,Some College,??,10.0,0,61.8,55.1,63.5,2.34,0.16
STU0715,Male,14,Doctorate,,11.8,0,69.8,57.4,58.7,2.43,0.172
STU0716,Female,14,High School,27.9,10.8,3,87.5,73.2,82.7,3.29,0.147
STU0717,Male,99,High School,33.4,4.6,1,72.4,87.3,83.8,3.23,0.207
STU0718,Male,17,Doctorate,30.0,8.1,0,85.9,94.5,84.9,3.72,0.087
STU0719,Female,16,Doctorate,12.8,7.2,2,60.4,60.9,63.0,1.9,0.159
STU0720,Female,18,Doctorate,12.9,10.8,3,57.7,51.4,57.3,2.13,0.187
STU0721,Male,14,High School,39.5,7.6,2,95.0,100,82.8,3.63,0.044
STU0722,Male,15,Bachelor's Degree,46.4,9.4,3,85.8,76.6,86.7,3.43,0.096
STU0723,Female,17,Master's Degree,50.0,8.5,4,100,100,100,3.87,0.12
STU0724,Female,14,Bachelor's Degree,1.6,4.5,4,63.6,46.6,55.7,2.42,0.224
STU0725,Female,17,Bachelor's Degree,32.4,4.5,3,58.5,49.4,64.9,2.43,0.235
STU0726,Female,14,Some College,17.1,11.5,0,65.1,71.6,,2.52,0.232
STU0727,Male,14,Master's Degree,28.0,9.7,3,67.6,55.9,63.5,2.18,0.097
STU0728,Male,16,Master's Degree,55.7,7.7,2,96.1,93.8,78.6,3.72,0.179
STU0729,Female,16,Some College,30.2,3.2,2,72.4,75.3,60.0,3.12,0.157
STU0730,Male,18,Bachelor's Degree,49.0,11.8,0,99.9,100,100,3.7,0.198
STU0731,Female,99,Master's Degree,39.8,7.0,0,53.9,76.6,77.1,2.69,0.049
STU0732,Female,14,Bachelor's Degree,43.5,11.6,0,92.0,86.5,79.3,3.42,0.026
STU0733,Male,18,Master's Degree,44.7,7.1,2,73.3,55.8,70.7,2.5,0.08
STU0734,Male,18,Doctorate,50.6,6.5,4,76.0,78.9,97.6,3.03,0.102
STU0735,Female,14,Some College,21.4,8.6,4,66.5,65.8,69.9,2.56,0.156
STU0736,Male,16,Bachelor's Degree,46.7,8.8,0,74.8,78.6,81.6,3.1,0.115
STU0737,Male,17,Bachelor's Degree,35.2,7.9,,84.4,85.6,88.1,3.47,0.045
STU0738,Male,18,Bachelor's Degree,14.1,4.2,4,52.8,62.7,56.8,2.2,0.076
STU0739,Male,17,Some College,33.7,7.6,4,72.4,76.7,65.4,3.04,0.009
STU0740,Female,14,Some College,6.7,6.6,1,50.5,47.1,43.3,1.93,0.087
STU0741,Male,16,Some College,12.9,5.3,4,40.7,47.3,46.4,1.61,0.183
STU0742,Female,18,Doctorate,23.1,4.3,1,84.2,77.6,78.8,3.14,0.22
STU0743,Male,18,Master's Degree,58.3,6.1,4,83.5,71.6,86.0,3.03,0.011
STU0744,Female,16,High School,36.2,7.5,0,64.1,67.3,75.6,2.89,0.218
STU0745,Female,14,Master's Degree,22.7,6.5,1,75.4,72.5,72.5,3.11,0.059
STU0746,Female,18,High School,55.1,11.2,0,100,100,91.3,3.69,0.079
STU0747,Female,17,Bachelor's Degree,25.3,11.1,4,54.5,69.7,69.8,2.39,0.221
STU0748,Female,15,Master's Degree,2.0,7.7,3,31.4,28.5,24.6,0.93,0.063
STU0749,Female,17,High School,10.3,6.8,1,66.0,66.9,57.0,2.83,0.092
STU0750,Male,14,Some College,38.4,7.8,0,67.8,81.9,73.8,2.91,0.081
STU0751,Female,16,Bachelor's Degree,32.0,10.6,0,66.6,70.4,74.4,2.7,0.06
STU0752,Male,16,Master's Degree,37.1,11.2,2,74.4,63.8,72.5,2.9,0.198
STU0753,Female,18,Bachelor's Degree,31.1,3.8,0,63.6,41.8,52.0,1.87,0.195
STU0754,Female,15,Some College,14.5,4.1,3,46.8,33.7,42.7,1.93,0.223
STU0755,Female,14,Doctorate,16.2,8.3,2,54.1,61.9,53.5,2.52,0.08
STU0756,Male,16,Doctorate,51.2,6.4,0,85.7,80.0,84.0,3.36,0.009
STU0757,Female,17,Some College,33.8,6.0,3,69.9,78.8,79.3,3.54,0.195
STU0758,Male,16,Bachelor's Degree,4.6,9.8,1,31.6,27.5,28.0,1.61,0.066
STU0759,Male,18,High School,35.0,3.8,3,85.9,92.2,,3.28,0.197
STU0760,Male,15,Bachelor's Degree,37.6,6.2,0,80.6,76.9,89.1,3.51,0.041
STU0761,Female,16,Doctorate,8.8,9.6,3,65.1,59.9,59.3,2.24,2.4
STU0762,Male,15,High School,10.6,4.4,0,37.9,51.3,37.0,1.41,0.081
STU0763,Male,16,Master's Degree,41.0,11.0,1,77.5,67.5,79.3,2.61,0.239
STU0764,Female,17,High School,23.6,11.9,4,63.9,56.0,44.6,2.48,0.212
STU0765,Male,15,Bachelor's Degree,31.6,7.6,1,62.5,59.2,67.8,2.59,0.073
STU0766,Male,16,Some College,18.1,4.4,1,59.0,48.4,47.9,1.8,0.124
STU0767,Male,17,Doctorate,50.5,3.5,3,85.8,93.9,96.6,3.57,0.166
STU0768,Female,15,Doctorate,38.6,7.3,3,56.7,60.7,71.3,2.49,0.124
STU0769,Female,15,Master's Degree,57.5,10.0,0,100,100,100,4.0,0.039
STU0770,Male,14,Doctorate,27.5,10.6,4,65.3,72.9,72.4,2.67,0.011
STU0771,Female,18,Doctorate,9.1,7.3,2,44.5,36.9,41.7,1.81,0.236
STU0772,Male,16,Bachelor's Degree,15.9,8.3,4,tbd,84.7,91.5,3.16,0.197
STU0773,Male,15,Some College,29.9,3.2,4,71.2,84.7,73.6,3.23,0.174
STU0774,Male,18,Some College,8.5,8.6,1,53.4,47.2,65.5,2.34,0.242
STU0775,Male,14,Some College,54.3,9.3,0,91.2,100,92.6,4.0,0.161
STU0776,Male,14,Some College,37.6,11.3,4,68.8,69.6,77.4,2.75,0.113
STU0777,Male,17,High School,46.4,7.7,0,,74.6,73.6,3.12,0.227
STU0778,Female,14,Some College,25.2,3.1,0,55.7,60.2,44.4,2.0,0.026
STU0779,Male,15,Bachelor's Degree,38.1,11.4,0,87.3,91.0,100,4.0,0.23
STU0780,Female,17,Doctorate,22.9,10.4,0,69.5,66.4,72.4,3.0,0.214
STU0781,Female,17,Some College,32.1,4.9,0,62.2,65.7,78.6,2.78,0.18
STU0782,Male,14,Master's Degree,23.9,8.2,2,72.4,71.2,77.4,2.98,0.032
STU0783,Female,14,Doctorate,52.5,4.6,2,63.5,63.2,81.0,2.9,0.06
STU0784,Female,18,Master's Degree,14.2,10.8,3,55.2,56.2,53.5,2.39,0.188
STU0785,Female,18,Doctorate,10.4,7.7,1,N/A,50.2,41.9,1.66,0.138
STU0786,Female,18,Some College,43.5,10.4,0,70.4,62.7,65.0,2.98,0.242
STU0787,Male,17,Master's Degree,41.1,6.4,1,55.1,61.0,48.7,2.21,0.134
STU0788,Male,14,Master's Degree,46.2,7.2,4,79.1,75.7,65.0,2.87,0.138
STU0789,Male,14,Master's Degree,19.4,3.2,3,47.4,50.0,52.6,2.35,0.023
STU0790,Female,18,Bachelor's Degree,35.8,6.4,0,83.5,79.2,80.6,3.45,0.215
STU0791,Male,14,Bachelor's Degree,49.8,11.0,3,100,100,100,4.0,0.057
STU0792,Female,16,Doctorate,44.7,9.0,1,92.4,75.3,86.9,3.13,0.006
STU0793,Male,15,High School,55.4,8.6,2,83.5,71.5,76.7,3.3,0.119
STU0794,Female,18,High School,15.7,5.7,0,65.5,54.2,62.5,2.74,0.122
STU0795,Female,14,Bachelor's Degree,54.8,6.8,0,72.0,54.9,70.0,2.69,0.187
STU0796,Female,15,High School,35.0,6.9,2,69.5,62.4,66.5,2.73,0.15
STU0797,Female,17,Master's Degree,20.4,3.3,1,50.1,59.8,42.8,1.88,0.031
STU0798,Male,14,Some College,50.1,9.3,1,78.3,66.6,80.1,2.75,0.23
STU0799,Female,16,Some College,55.5,4.2,4,79.0,75.8,77.3,3.04,0.209
STU0800,Male,15,Doctorate,33.9,10.6,1,65.9,79.4,75.6,2.76,0.06
STU0801,Male,15,Doctorate,16.0,9.1,4,57.0,58.1,62.8,2.14,0.168
STU0802,Female,14,Some College,20.3,9.7,0,53.5,50.7,51.7,2.0,0.113
STU0803,Male,18,High School,57.2,11.8,1,90.7,86.7,78.2,3.65,2.4
STU0804,Female,18,,29.6,7.2,1,65.1,63.4,62.0,2.49,0.165
STU0805,Male,17,High School,47.1,3.9,0,79.8,71.8,69.7,2.93,0.182
STU0806,Female,16,Some College,17.5,11.9,2,64.3,46.6,47.6,2.36,0.168
STU0807,Female,14,High School,7.8,7.1,3,51.7,49.6,55.7,1.88,0.027
STU0808,Female,17,Master's Degree,46.5,8.2,2,94.8,98.7,90.9,3.82,0.215
STU0809,Female,16,High School,3.0,4.1,4,52.5,48.0,56.3,2.0,0.035
STU0810,Male,14,Master's Degree,47.2,8.7,2,96.8,100,97.4,3.89,0.031
STU0811,Male,15,Bachelor's Degree,9.9,11.6,3,60.1,44.3,54.9,2.04,0.077
STU0812,Male,15,Some College,55.4,9.4,3,95.4,86.3,89.9,3.6,0.015
STU0813,Male,17,Bachelor's Degree,25.7,11.2,4,77.7,80.1,92.3,3.43,0.162
STU0814,Male,14,Some College,8.2,10.2,3,49.3,34.9,41.3,1.69,0.173
STU0815,Female,15,Bachelor's Degree,8.6,7.9,0,51.0,54.8,56.9,2.3,0.099
STU0816,Female,14,High School,33.2,5.7,4,58.0,60.2,63.9,2.34,0.156
STU0817,Female,18,Some College,26.2,4.9,1,85.0,79.8,85.4,3.19,0.042
STU0818,Male,17,High School,25.7,10.7,0,81.1,60.4,67.8,2.8,0.096
STU0819,Female,17,Master's Degree,1.8,11.5,1,52.4,67.4,58.7,2.21,0.219
STU0820,Male,16,Master's Degree,40.3,3.8,3,63.3,64.1,62.0,2.47,0.123
STU0821,Female,16,Bachelor's Degree,30.8,5.6,0,49.7,49.0,58.4,2.17,0.248
STU0822,Male,15,Bachelor's Degree,38.9,11.0,0,63.7,74.6,71.9,2.84,0.085
STU0823,Female,17,Master's Degree,5.4,10.0,2,50.3,52.7,67.7,2.52,0.245
STU0824,Female,17,Some College,51.5,10.3,4,83.3,87.9,89.4,3.45,0.071
STU0825,Female,14,Some College,26.5,6.2,3,58.5,56.6,40.6,2.06,0.218
STU0826,Male,18,Bachelor's Degree,0.3,3.9,2,33.7,50.8,32.6,1.69,0.145
STU0827,Male,17,Bachelor's Degree,27.3,3.1,4,51.8,55.9,50.3,2.17,0.049
STU0828,Male,18,Doctorate,25.0,9.5,3,76.0,60.1,76.7,2.86,0.075
STU0829,Female,3,Master's Degree,52.9,3.7,4,72.6,84.2,77.9,3.18,0.058
STU0830,Female,17,Doctorate,34.6,5.8,3,64.5,70.1,62.2,2.68,0.211
STU0831,Female,18,Doctorate,23.2,4.0,4,69.0,72.6,69.0,3.05,0.195
STU0832,Female,16,Some College,10.8,6.1,0,N/A,27.1,39.9,1.73,0.054
STU0833,Female,17,Bachelor's Degree,5.2,9.2,0,60.7,54.3,59.1,2.51,0.204
STU0834,Female,17,Master's Degree,8.9,8.7,1,48.1,55.4,47.8,2.1,0.097
STU0835,Male,18,Bachelor's Degree,33.8,7.5,4,86.7,77.2,86.6,3.46,0.053
STU0836,Male,14,Doctorate,16.7,11.4,3,75.1,73.3,68.7,2.86,0.209
STU0837,Male,15,High School,none,10.2,3,38.7,34.7,36.5,1.34,0.081
STU0838,Female,17,Bachelor's Degree,14.3,3.7,1,47.8,45.9,48.7,2.04,0.029
STU0839,Female,14,Master's Degree,59.7,10.8,2,100,98.8,99.6,3.63,0.041
STU0840,Female,,Doctorate,41.3,6.3,1,57.6,51.7,60.8,2.42,0.161
STU0841,Male,16,High School,36.8,5.3,1,48.2,53.9,67.0,2.29,0.02
STU0842,Female,16,Doctorate,59.6,7.2,0,91.2,85.2,94.3,3.54,0.176
STU0843,Male,17,High School,54.9,6.9,1,92.7,96.8,100,4.0,0.003
STU0844,Male,17,Bachelor's Degree,58.2,,0,83.7,86.5,87.4,3.33,0.197
STU0845,Male,14,High School,54.5,3.8,2,92.8,99.1,96.5,3.78,0.034
STU0846,Female,18,,11.0,11.5,4,44.3,40.3,43.6,1.77,0.169
STU0847,Female,18,Master's Degree,39.3,10.4,0,91.5,90.9,85.2,3.84,0.057
STU0848,Female,16,High School,53.4,8.0,0,69.1,65.4,69.0,2.78,0.025
STU0849,Male,16,Doctorate,11.8,10.6,4,44.8,64.7,51.0,2.08,0.025
STU0850,Male,14,Doctorate,25.1,6.1,3,73.9,76.0,81.0,9,0.029
STU0851,Male,17,Bachelor's Degree,45.2,4.9,4,66.5,75.0,81.4,3.11,0.025
STU0852,Female,15,,34.7,9.1,4,81.1,91.6,98.0,3.45,0.049
STU0853,Male,16,Bachelor's Degree,52.0,9.4,3,83.5,91.9,77.8,3.58,0.003
STU0854,Male,17,High School,20.2,11.2,2,80.8,76.9,81.0,3.1,0.011
STU0855,Male,14,Doctorate,44.6,8.8,2,86.0,84.5,94.0,3.79,0.087
STU0856,Male,15,Bachelor's Degree,55.1,8.8,4,100,100,100,3.96,0.235
STU0857,Female,17,Doctorate,2.3,7.6,2,37.6,40.1,30.0,1.49,0.179
STU0858,Male,18,Bachelor's Degree,a lot,4.7,1,77.0,78.6,74.9,3.24,0.183
STU0859,Male,14,Master's Degree,15.6,7.8,1,55.6,68.3,63.6,2.48,0.087
STU0860,Male,16,Bachelor's Degree,38.5,5.3,2,72.9,65.1,74.6,2.58,0.123
STU0861,Female,14,Some College,44.6,7.6,2,86.5,77.7,88.0,3.41,
STU0862,Female,18,Some College,1.9,9.5,2,58.2,63.3,48.3,2.32,0.029
STU0863,Male,14,Some College,??,11.8,2,52.9,44.9,44.1,1.68,0.009
STU0864,Male,18,Bachelor's Degree,43.8,6.7,3,78.9,75.0,66.4,2.96,0.213
STU0865,Female,16,Master's Degree,8.6,7.3,4,59.1,59.7,56.9,2.6,0.07
STU0866,Female,14,Bachelor's Degree,6.8,11.5,4,60.7,47.4,59.0,2.46,0.016
STU0867,Female,15,High School,18.4,6.2,4,53.8,51.4,57.8,1.98,0.144
STU0868,Female,4,Some College,9.8,5.6,2,54.9,54.1,59.3,2.18,0.094
STU0869,Female,18,Some College,52.1,4.9,1,85.0,86.3,89.0,3.33,0.109
STU0870,Male,18,Doctorate,59.5,9.2,3,81.4,83.4,85.9,3.62,1.8
STU0871,Male,7,Some College,43.0,6.6,2,73.9,87.0,90.7,3.65,0.032
STU0872,Male,14,Bachelor's Degree,4.5,5.6,1,58.1,45.5,52.0,1.99,0.184
STU0873,Male,16,Bachelor's Degree,5.6,6.2,1,56.1,70.3,60.2,2.56,0.239
STU0874,Female,17,Doctorate,31.3,10.7,2,71.5,72.3,67.6,2.65,0.238
STU0875,Male,18,Some College,32.3,,2,62.8,74.3,59.8,2.81,0.09
STU0876,Male,14,High School,51.0,3.1,4,77.2,70.9,68.4,2.64,0.199
STU0877,Female,17,Doctorate,32.0,6.7,2,51.2,58.7,54.4,2.27,0.087
STU0878,Female,18,Master's Degree,50.7,10.6,1,84.0,91.0,100,3.9,0.141
STU0879,Male,15,Doctorate,32.4,6.3,1,75.5,84.9,74.1,3.26,0.07
STU0880,Female,16,Doctorate,45.3,10.9,1,75.7,67.1,72.4,2.84,0.012
STU0881,Male,16,Some College,1.2,5.8,4,36.0,50.1,45.5,1.47,0.018
STU0882,Female,14,Bachelor's Degree,34.8,7.1,4,68.7,69.9,75.7,2.82,0.071
STU0883,Female,7,Bachelor's Degree,52.2,10.2,1,tbd,78.8,76.0,2.59,0.127
STU0884,Male,18,Master's Degree,18.6,10.8,1,72.6,69.3,76.8,2.76,0.033
STU0885,Male,15,Some College,47.1,11.4,4,100.0,93.8,95.9,3.59,0.039
STU0886,Female,15,Doctorate,12.6,6.6,2,66.2,44.2,51.4,2.27,0.166
STU0887,Male,17,Bachelor's Degree,24.9,11.6,3,77.4,76.0,82.9,3.13,0.118
STU0888,Female,16,Bachelor's Degree,2.2,4.5,3,60.4,62.1,64.2,2.48,0.204
STU0889,Female,15,High School,7.7,9.6,1,54.6,60.9,53.0,2.05,0.182
STU0890,Female,14,Doctorate,17.0,11.7,0,65.6,55.3,57.8,2.31,0.043
STU0891,Male,17,Master's Degree,197.2,,3,49.1,42.4,29.8,2.06,0.006
STU0892,Female,16,High School,14.2,10.6,4,72.2,63.7,74.5,2.86,0.243
STU0893,Female,14,Some College,13.5,6.5,4,69.3,63.6,60.9,2.53,0.1
STU0894,Male,17,Bachelor's Degree,5.5,10.9,0,52.3,51.2,36.1,1.89,0.18
STU0895,Male,16,Some College,59.8,5.1,0,72.7,73.5,74.2,2.82,0.189
STU0896,Female,16,Doctorate,35.1,11.9,1,88.9,92.0,88.4,3.37,0.189
STU0897,Male,17,Doctorate,56.8,11.9,1,94.3,87.3,92.3,3.88,0.205
STU0898,Male,15,Doctorate,41.6,8.6,4,77.1,80.6,78.8,3.16,0.194
STU0899,Male,16,High School,19.6,5.2,3,43.6,38.4,51.1,2.38,0.053
STU0900,Female,15,Some College,53.3,5.8,3,84.7,94.6,85.1,3.76,0.201
STU0901,Female,16,High School,8.6,5.4,2,53.8,63.4,58.5,2.06,0.101
STU0902,Female,18,Bachelor's Degree,5.8,4.9,0,31.0,51.1,42.5,1.58,0.201
STU0903,Female,15,Some College,51.6,3.8,0,83.4,86.3,79.9,3.11,0.041
STU0904,Female,18,Some College,4.7,3.1,1,44.9,54.7,35.1,1.76,0.23
STU0905,Male,,Doctorate,57.5,9.2,1,88.8,90.5,83.4,3.26,0.022
STU0906,Male,18,Bachelor's Degree,49.0,5.0,2,89.5,84.7,83.4,3.62,0.002
STU0907,Female,14,Doctorate,27.0,8.8,0,69.7,64.3,80.2,2.76,0.161
STU0908,Male,18,Some College,48.1,4.1,2,90.1,99.0,99.8,3.79,0.046
STU0909,Female,14,Bachelor's Degree,43.4,5.8,2,72.4,81.6,89.9,3.25,0.038
STU0910,Female,18,Some College,5.8,8.9,2,67.2,68.3,61.4,2.58,0.015
STU0911,Female,17,Doctorate,26.8,3.9,2,39.1,38.5,47.3,1.5,0.085
STU0912,Female,14,Doctorate,11.4,5.3,3,65.7,59.3,42.9,2.34,0.039
STU0913,Male,3,Doctorate,51.1,6.1,1,90.9,95.5,97.6,3.68,0.018
STU0914,Female,17,High School,22.9,4.3,3,75.2,80.9,76.0,2.87,0.22
STU0915,Female,16,Doctorate,11.2,6.0,2,47.3,33.3,45.8,1.12,0.042
STU0916,Male,15,Bachelor's Degree,43.8,7.4,4,88.5,100,81.0,3.75,0.141
STU0917,Female,15,Doctorate,24.3,9.9,4,75.3,81.9,62.0,2.92,0.041
STU0918,Male,18,Master's Degree,29.0,8.4,2,64.9,48.9,53.7,2.18,0.111
STU0919,Male,17,Master's Degree,22.2,6.0,0,49.8,40.2,48.8,1.71,0.078
STU0920,Male,16,High School,35.0,5.5,0,73.5,66.0,65.8,3.08,0.029
STU0921,Male,17,Bachelor's Degree,41.5,8.1,2,73.2,77.8,65.5,2.74,0.091
STU0922,Male,15,Bachelor's Degree,34.0,11.6,0,75.9,76.5,76.2,2.98,0.236
STU0923,Male,15,Bachelor's Degree,59.5,8.4,1,90.9,90.4,84.9,9,0.226
STU0924,Male,18,High School,10.1,6.9,2,69.6,58.8,57.8,2.39,0.101
STU0925,Male,14,Some College,10.3,8.5,3,67.6,63.2,72.1,2.51,0.026
STU0926,Male,14,High School,48.0,9.7,0,99.6,99.6,100,3.88,0.176
STU0927,Female,18,High School,25.0,9.1,0,71.2,76.7,79.5,2.9,0.008
STU0928,Female,17,Some College,37.0,4.3,2,78.4,88.2,75.2,2.98,0.123
STU0929,Female,15,Some College,44.7,5.8,2,76.3,59.7,71.2,2.83,0.098
STU0930,Male,16,Master's Degree,31.8,4.7,0,79.7,63.8,73.7,2.93,0.094
STU0931,Male,16,Master's Degree,5.0,9.5,0,54.2,48.1,52.9,1.94,0.048
STU0932,Male,15,Master's Degree,0.0,11.6,3,51.9,49.1,49.6,1.89,0.002
STU0933,Male,17,Some College,20.4,11.0,3,88.0,80.2,78.3,3.23,0.19
STU0934,Male,14,Master's Degree,3.1,8.2,4,56.4,51.8,60.2,2.44,0.245
STU0935,Female,14,Bachelor's Degree,36.8,7.3,1,78.5,69.2,63.7,2.86,0.171
STU0936,Female,15,High School,53.3,3.6,4,81.4,72.6,76.9,3.33,0.198
STU0937,Female,16,Some College,22.7,8.1,2,49.5,51.7,51.7,1.88,0.083
STU0938,Male,17,High School,1.4,7.6,0,64.3,49.5,67.7,2.44,0.03
STU0939,Male,16,Doctorate,45.0,9.1,1,69.8,83.0,74.2,3.03,0.171
STU0940,Male,14,Doctorate,26.4,10.9,0,84.5,89.9,91.5,3.61,0.135
STU0941,Female,16,Doctorate,39.5,7.6,0,67.2,73.1,72.1,2.65,0.217
STU0942,Male,16,Bachelor's Degree,25.8,9.2,1,42.7,57.1,57.1,2.05,0.151
STU0943,Male,14,Some College,41.6,3.1,3,52.2,54.8,67.7,2.31,0.209
STU0944,Male,17,High School,13.5,4.0,3,54.3,50.0,54.7,2.12,0.085
STU0945,Male,15,High School,26.4,6.6,1,57.3,57.2,58.5,2.63,0.134
STU0946,Female,18,High School,60.0,10.7,4,88.7,92.5,84.7,3.53,0.101
STU0947,Male,16,Bachelor's Degree,42.9,3.9,2,89.2,84.1,77.8,3.61,0.234
STU0948,Female,17,Bachelor's Degree,50.7,9.9,0,97.6,100,100,4.0,0.12
STU0949,Male,15,Master's Degree,27.6,10.6,3,62.1,64.2,65.8,2.37,0.102
STU0950,Female,15,Some College,34.0,11.3,3,70.5,85.9,70.8,2.7,0.039
STU0951,Female,17,Doctorate,12.4,11.8,4,53.7,49.5,49.5,1.85,0.085
STU0952,Male,18,Master's Degree,17.8,4.2,4,51.7,55.8,69.0,2.41,0.05
STU0953,Female,17,High School,29.8,7.3,4,72.6,74.2,68.8,2.72,0.245
STU0954,Female,16,Doctorate,28.8,7.5,0,70.6,71.0,76.3,2.91,0.102
STU0955,Male,14,Some College,44.1,12.0,0,77.6,94.4,75.9,3.1,0.107
STU0956,Female,15,Some College,44.7,10.8,2,68.0,64.7,78.7,2.77,0.073
STU0957,Male,14,Some College,49.6,10.9,4,77.1,73.0,86.2,2.87,0.074
STU0958,Female,15,Bachelor's Degree,52.0,11.3,2,97.6,100,100,3.84,0.222
STU0959,Male,17,Some College,20.0,4.7,1,58.3,58.7,71.0,2.56,0.23
STU0960,Male,15,Master's Degree,19.8,7.0,2,75.4,78.3,82.7,3.31,0.166
STU0961,Female,14,Doctorate,23.1,5.4,3,52.0,54.0,54.8,2.31,0.065
STU0962,Female,15,Master's Degree,49.5,9.6,4,91.5,82.5,87.6,3.48,0.143
STU0963,Female,18,High School,37.9,7.1,4,59.5,57.6,57.0,2.04,0.234
STU0964,Female,17,Doctorate,57.4,5.1,3,97.2,100,93.2,3.79,0.079
STU0965,Female,17,High School,2.9,3.3,3,tbd,55.3,57.3,2.33,0.246
STU0966,Female,16,Bachelor's Degree,43.8,3.3,3,76.2,78.2,80.0,3.15,0.237
STU0967,Female,18,Doctorate,13.1,9.3,2,60.6,70.9,56.2,2.51,0.216
STU0968,Female,17,High School,55.9,10.9,2,93.1,93.2,75.3,3.46,0.179
STU0969,Female,16,Doctorate,26.7,3.3,0,66.8,43.6,56.4,2.2,0.237
STU0970,Male,16,Doctorate,54.6,5.5,3,77.6,80.4,81.4,2.99,0.034
STU0971,Female,18,Some College,50.6,3.3,3,,70.9,89.8,3.3,0.217
STU0972,Female,15,Bachelor's Degree,14.8,3.8,0,67.0,62.1,71.8,2.6,0.188
STU0973,Male,17,Some College,21.0,6.8,3,71.8,68.3,84.8,3.1,0.22
STU0974,Female,16,Bachelor's Degree,14.6,9.0,2,78.0,51.5,65.5,2.56,0.15
STU0975,Male,15,Bachelor's Degree,1.3,8.7,2,62.6,,65.7,2.35,0.245
STU0976,Male,18,Master's Degree,25.2,7.5,4,55.9,52.1,47.8,9,0.056
STU0977,Male,14,Master's Degree,27.9,6.5,3,64.5,62.6,55.0,1.74,0.217
STU0978,Female,18,Doctorate,53.0,10.4,4,75.9,76.0,90.7,3.45,0.06
STU0979,Female,18,Bachelor's Degree,15.6,6.5,3,48.8,44.7,47.1,1.9,0.012
STU0980,Male,18,High School,31.8,11.9,2,84.4,86.0,91.5,3.3,0.027
STU0981,Female,15,Some College,5.7,5.3,1,50.8,43.3,42.6,1.65,0.035
STU0982,Female,14,Bachelor's Degree,58.9,5.3,3,90.3,90.6,98.5,3.9,0.179
STU0983,Male,17,High School,10.8,10.4,4,60.8,69.3,63.7,2.53,0.028
STU0984,Female,18,Doctorate,4.2,5.4,1,62.6,57.2,61.6,2.05,0.081
STU0985,Female,17,Master's Degree,49.9,8.9,3,100,90.5,98.0,3.9,0.153
STU0986,Male,17,Bachelor's Degree,36.7,7.4,4,67.5,74.1,83.1,2.86,0.2
STU0987,Female,15,Some College,6.3,6.9,0,47.4,42.9,53.3,9,0.181
STU0988,Female,16,Doctorate,51.9,6.3,2,86.2,97.0,85.1,3.51,0.115
STU0989,Female,18,Some College,55.1,4.9,2,96.6,96.1,96.8,3.7,0.065
STU0990,Male,17,Some College,21.5,4.9,1,54.6,60.5,49.9,2.33,0.057
STU0991,Male,15,Doctorate,11.8,8.9,3,49.0,49.5,50.5,1.85,0.205
STU0992,Female,14,Some College,52.4,8.7,3,89.3,88.8,86.5,3.57,0.206
STU0993,Female,14,Bachelor's Degree,58.8,10.4,0,88.7,81.2,84.4,3.64,0.063
STU0994,Male,17,Doctorate,49.5,6.9,2,99.3,78.6,93.1,3.34,0.056
STU0995,Male,14,Bachelor's Degree,13.8,7.5,0,55.8,45.5,46.8,1.71,0.182
STU0996,Female,16,Bachelor's Degree,38.7,6.2,4,74.3,75.2,66.0,2.89,0.21
STU0997,Male,17,Doctorate,11.8,3.9,0,54.0,56.6,59.9,2.19,0.063
STU0998,Female,18,High School,51.3,8.0,2,81.3,87.4,83.4,3.21,0.19
STU0999,Female,15,Doctorate,12.0,3.1,4,49.3,51.6,48.0,1.82,0.013
STU1000,Female,15,Master's Degree,16.1,3.7,4,43.7,60.3,47.2,1.87,0.066
